timestamp,race_id,data_type,data_json
2025-06-24T14:04:09.315897Z,24-06-2025-R1-C4-chantilly-fasquel,prediction_request,"{""race_info"": {""race_id"": ""24-06-2025-R1-C4-chantilly-fasquel"", ""title"": ""Mardi 24 juin à 16h07 - C4 Prix Fasquel"", ""meta"": ""Plat - 28000 € - 2000m - 6 partants - PLAT, 2000 mètres , Corde à DROITE 28.000- COURSE A CONDITIONS Pour poulains entiers, hongres et pouliches de 3 ans ayant couru en France ou n'ayant jamais couru et n'ayant pas depuis le 1er août 2024 inclus gagné une Listed, ni cette année gagné une Classe 2 ou été classés 2e ou 3e d'une Listed. Poids : 57 kg . Les chevaux ayant depuis le 24 septembre 2024 inclus été classés 2e ou 3e d'une Listed porteront 2 kg. Cette course est qualificative aux Handicaps Classe 1."", ""track"": ""R1  CHANTILLY"", ""url"": ""https://www.unibet.fr/turf/race/24-06-2025-R1-C4-chantilly-fasquel.html""}, ""runners"": [{""race_id"": ""24-06-2025-R1-C4-chantilly-fasquel"", ""title"": ""Mardi 24 juin à 16h07 - C4 Prix Fasquel"", ""meta"": ""Plat - 28000 € - 2000m - 6 partants - PLAT, 2000 mètres , Corde à DROITE 28.000- COURSE A CONDITIONS Pour poulains entiers, hongres et pouliches de 3 ans ayant couru en France ou n'ayant jamais couru et n'ayant pas depuis le 1er août 2024 inclus gagné une Listed, ni cette année gagné une Classe 2 ou été classés 2e ou 3e d'une Listed. Poids : 57 kg . Les chevaux ayant depuis le 24 septembre 2024 inclus été classés 2e ou 3e d'une Listed porteront 2 kg. Cette course est qualificative aux Handicaps Classe 1."", ""track"": ""R1  CHANTILLY"", ""place"": """", ""number"": ""1"", ""horse_name"": ""THINK GIANT"", ""jockey"": ""Pasquier S."", ""age_sex"": ""M/3"", ""equipment"": """", ""weight"": """", ""times"": """", ""odds_morning"": ""5.2"", ""odds_live"": ""3.8"", ""trainer"": ""Ferland C."", ""distance"": """", ""musique"": ""(24) 2p 1p 5p    / Corde : 4"", ""additional_info"": ""1 THINK GIANT Pasquier S. 4 M/3 59Kg Ferland C. (24) 2p 1p 5p 5.23.8""}, {""race_id"": ""24-06-2025-R1-C4-chantilly-fasquel"", ""title"": ""Mardi 24 juin à 16h07 - C4 Prix Fasquel"", ""meta"": ""Plat - 28000 € - 2000m - 6 partants - PLAT, 2000 mètres , Corde à DROITE 28.000- COURSE A CONDITIONS Pour poulains entiers, hongres et pouliches de 3 ans ayant couru en France ou n'ayant jamais couru et n'ayant pas depuis le 1er août 2024 inclus gagné une Listed, ni cette année gagné une Classe 2 ou été classés 2e ou 3e d'une Listed. Poids : 57 kg . Les chevaux ayant depuis le 24 septembre 2024 inclus été classés 2e ou 3e d'une Listed porteront 2 kg. Cette course est qualificative aux Handicaps Classe 1."", ""track"": ""R1  CHANTILLY"", ""place"": """", ""number"": ""2"", ""horse_name"": ""PANTA REI"", ""jockey"": ""Lecoeuvre C."", ""age_sex"": ""H/3"", ""equipment"": """", ""weight"": """", ""times"": """", ""odds_morning"": ""8.5"", ""odds_live"": ""9.2"", ""trainer"": ""Groualle P."", ""distance"": """", ""musique"": ""1p 2p    / Corde : 1"", ""additional_info"": ""2 PANTA REI Lecoeuvre C. 1 H/3 57Kg Groualle P. 1p 2p 8.59.2""}, {""race_id"": ""24-06-2025-R1-C4-chantilly-fasquel"", ""title"": ""Mardi 24 juin à 16h07 - C4 Prix Fasquel"", ""meta"": ""Plat - 28000 € - 2000m - 6 partants - PLAT, 2000 mètres , Corde à DROITE 28.000- COURSE A CONDITIONS Pour poulains entiers, hongres et pouliches de 3 ans ayant couru en France ou n'ayant jamais couru et n'ayant pas depuis le 1er août 2024 inclus gagné une Listed, ni cette année gagné une Classe 2 ou été classés 2e ou 3e d'une Listed. Poids : 57 kg . Les chevaux ayant depuis le 24 septembre 2024 inclus été classés 2e ou 3e d'une Listed porteront 2 kg. Cette course est qualificative aux Handicaps Classe 1."", ""track"": ""R1  CHANTILLY"", ""place"": """", ""number"": ""3"", ""horse_name"": ""ZARRAF"", ""jockey"": ""Barzalona M."", ""age_sex"": ""M/3"", ""equipment"": """", ""weight"": """", ""times"": """", ""odds_morning"": ""3.2"", ""odds_live"": ""3.6"", ""trainer"": ""Karkosa Mme A."", ""distance"": """", ""musique"": ""14p 4p 1p    / Corde : 3"", ""additional_info"": ""3 ZARRAF Barzalona M. 3 M/3 57Kg Karkosa Mme A. 14p 4p 1p 3.23.6""}, {""race_id"": ""24-06-2025-R1-C4-chantilly-fasquel"", ""title"": ""Mardi 24 juin à 16h07 - C4 Prix Fasquel"", ""meta"": ""Plat - 28000 € - 2000m - 6 partants - PLAT, 2000 mètres , Corde à DROITE 28.000- COURSE A CONDITIONS Pour poulains entiers, hongres et pouliches de 3 ans ayant couru en France ou n'ayant jamais couru et n'ayant pas depuis le 1er août 2024 inclus gagné une Listed, ni cette année gagné une Classe 2 ou été classés 2e ou 3e d'une Listed. Poids : 57 kg . Les chevaux ayant depuis le 24 septembre 2024 inclus été classés 2e ou 3e d'une Listed porteront 2 kg. Cette course est qualificative aux Handicaps Classe 1."", ""track"": ""R1  CHANTILLY"", ""place"": """", ""number"": ""4"", ""horse_name"": ""BODICUS"", ""jockey"": ""Demuro C."", ""age_sex"": ""M/3"", ""equipment"": """", ""weight"": """", ""times"": """", ""odds_morning"": ""3.4"", ""odds_live"": ""2.9"", ""trainer"": ""Fabre A."", ""distance"": """", ""musique"": ""1p 4p    / Corde : 5"", ""additional_info"": ""4 BODICUS Demuro C. 5 M/3 57Kg Fabre A. 1p 4p 3.42.9""}, {""race_id"": ""24-06-2025-R1-C4-chantilly-fasquel"", ""title"": ""Mardi 24 juin à 16h07 - C4 Prix Fasquel"", ""meta"": ""Plat - 28000 € - 2000m - 6 partants - PLAT, 2000 mètres , Corde à DROITE 28.000- COURSE A CONDITIONS Pour poulains entiers, hongres et pouliches de 3 ans ayant couru en France ou n'ayant jamais couru et n'ayant pas depuis le 1er août 2024 inclus gagné une Listed, ni cette année gagné une Classe 2 ou été classés 2e ou 3e d'une Listed. Poids : 57 kg . Les chevaux ayant depuis le 24 septembre 2024 inclus été classés 2e ou 3e d'une Listed porteront 2 kg. Cette course est qualificative aux Handicaps Classe 1."", ""track"": ""R1  CHANTILLY"", ""place"": """", ""number"": ""5"", ""horse_name"": ""PONDERADO"", ""jockey"": ""Pouchin A."", ""age_sex"": ""M/3"", ""equipment"": """", ""weight"": """", ""times"": """", ""odds_morning"": ""7.9"", ""odds_live"": ""8.5"", ""trainer"": ""Baratti M."", ""distance"": """", ""musique"": ""8p 3p 2p (24) 4p 2p 1p 3p    / Corde : 2"", ""additional_info"": ""5 PONDERADO Pouchin A. 2 M/3 57Kg Baratti M. 8p 3p 2p (24) 4p 2p 1p 3p 7.98.5""}, {""race_id"": ""24-06-2025-R1-C4-chantilly-fasquel"", ""title"": ""Mardi 24 juin à 16h07 - C4 Prix Fasquel"", ""meta"": ""Plat - 28000 € - 2000m - 6 partants - PLAT, 2000 mètres , Corde à DROITE 28.000- COURSE A CONDITIONS Pour poulains entiers, hongres et pouliches de 3 ans ayant couru en France ou n'ayant jamais couru et n'ayant pas depuis le 1er août 2024 inclus gagné une Listed, ni cette année gagné une Classe 2 ou été classés 2e ou 3e d'une Listed. Poids : 57 kg . Les chevaux ayant depuis le 24 septembre 2024 inclus été classés 2e ou 3e d'une Listed porteront 2 kg. Cette course est qualificative aux Handicaps Classe 1."", ""track"": ""R1  CHANTILLY"", ""place"": """", ""number"": ""6"", ""horse_name"": ""YOUNG AND PROUD"", ""jockey"": ""Soumillon C."", ""age_sex"": ""M/3"", ""equipment"": """", ""weight"": """", ""times"": """", ""odds_morning"": ""5.7"", ""odds_live"": ""8.2"", ""trainer"": ""Macedo Da Costa Oliveira Jp."", ""distance"": """", ""musique"": ""1p 1p 10p 10p 2p 2p 4p 6p (24) 8p 6p 6p 4p    / Corde : 6"", ""additional_info"": ""6 YOUNG AND PROUD Soumillon C. 6 M/3 57Kg Macedo Da Costa Oliveira Jp. 1p 1p 10p 10p 2p 2p 4p 6p (24) 8p 6p 6p 4p 5.78.2""}], ""scraped_at"": ""2025-06-24T14:04:09.312Z""}"
2025-06-24T14:04:09.315897Z,24-06-2025-R1-C4-chantilly-fasquel,prediction_response,"{""recommendations"": [], ""summary"": {""boulot_bets"": 0, ""total_amount"": 0}}"
2025-06-24T14:04:09.315897Z,24-06-2025-R1-C4-chantilly-fasquel,betting_request,"{""race_url"": ""https://www.unibet.fr/turf/race/24-06-2025-R1-C4-chantilly-fasquel.html"", ""recommendations"": [], ""summary"": {""boulot_bets"": 0, ""total_amount"": 0, ""total_bet_amount"": 0, ""win_bets"": 0, ""place_bets"": 0, ""deuzio_bets"": 0, ""timestamp"": ""2025-06-24T14:04:09.315897Z""}}"
2025-06-24T14:21:09.507545Z,24-06-2025-R4-C1-vincennes-sapientia,prediction_request,"{""race_info"": {""race_id"": ""24-06-2025-R4-C1-vincennes-sapientia"", ""title"": ""Mardi 24 juin à 16h26 - C1 Prix Sapientia"", ""meta"": ""Monté - 46000 € - 2700m - 10 partants - Pour 5 ans, n'ayant pas gagné 70.000."", ""track"": ""R4  VINCENNES"", ""url"": ""https://www.unibet.fr/turf/race/24-06-2025-R4-C1-vincennes-sapientia.html""}, ""runners"": [{""race_id"": ""24-06-2025-R4-C1-vincennes-sapientia"", ""title"": ""Mardi 24 juin à 16h26 - C1 Prix Sapientia"", ""meta"": ""Monté - 46000 € - 2700m - 10 partants - Pour 5 ans, n'ayant pas gagné 70.000."", ""track"": ""R4  VINCENNES"", ""place"": """", ""number"": ""1"", ""horse_name"": ""KAPITANO VALOU"", ""jockey"": ""Dromigny T. Non partant"", ""age_sex"": ""H/5"", ""equipment"": ""BOTH"", ""weight"": """", ""times"": """", ""odds_morning"": ""NP"", ""odds_live"": ""NP"", ""trainer"": ""Ducrocq F.\nPlusieurs paramètres sont réunis pour envisager la victoire"", ""distance"": ""2700m"", ""musique"": ""1m 4m Dm 5m Dm 2m 7a Da (24) 5m 7m 7m (23) 7m"", ""additional_info"": ""1 KAPITANO VALOU Dromigny T. Non partant H/5 65Kg Ducrocq F. Plusieurs paramètres sont réunis pour envisager la victoire 2700m 1m 4m Dm 5m Dm 2m 7a Da (24) 5m 7m 7m (23) 7m NPNP""}, {""race_id"": ""24-06-2025-R4-C1-vincennes-sapientia"", ""title"": ""Mardi 24 juin à 16h26 - C1 Prix Sapientia"", ""meta"": ""Monté - 46000 € - 2700m - 10 partants - Pour 5 ans, n'ayant pas gagné 70.000."", ""track"": ""R4  VINCENNES"", ""place"": """", ""number"": ""2"", ""horse_name"": ""KARRY WHITE"", ""jockey"": ""Cerisier J."", ""age_sex"": ""F/5"", ""equipment"": ""BOTH"", ""weight"": """", ""times"": """", ""odds_morning"": ""46.4"", ""odds_live"": ""32.9"", ""trainer"": ""Cerisier J.\nPlusieurs paramètres sont réunis pour envisager la victoire"", ""distance"": ""2700m"", ""musique"": ""1m 6m Da 7m Dm (24) 4m 1m 4a 1m 8m Dm Dm"", ""additional_info"": ""2 KARRY WHITE Cerisier J. F/5 61Kg Cerisier J. Plusieurs paramètres sont réunis pour envisager la victoire 2700m 1m 6m Da 7m Dm (24) 4m 1m 4a 1m 8m Dm Dm 46.432.9""}, {""race_id"": ""24-06-2025-R4-C1-vincennes-sapientia"", ""title"": ""Mardi 24 juin à 16h26 - C1 Prix Sapientia"", ""meta"": ""Monté - 46000 € - 2700m - 10 partants - Pour 5 ans, n'ayant pas gagné 70.000."", ""track"": ""R4  VINCENNES"", ""place"": """", ""number"": ""3"", ""horse_name"": ""KANSAS DU HOCTI"", ""jockey"": ""Perron N."", ""age_sex"": ""H/5"", ""equipment"": ""BOTH"", ""weight"": """", ""times"": """", ""odds_morning"": ""12.7"", ""odds_live"": ""5.3"", ""trainer"": ""Carpentier B.\nPlusieurs paramètres sont réunis pour envisager la victoire"", ""distance"": ""2700m"", ""musique"": ""1m 3m 2m 3m 1m (24) 4m 5m 6a 2m 5m 8a 7a"", ""additional_info"": ""3 KANSAS DU HOCTI Perron N. H/5 65Kg Carpentier B. Plusieurs paramètres sont réunis pour envisager la victoire 2700m 1m 3m 2m 3m 1m (24) 4m 5m 6a 2m 5m 8a 7a 12.75.3""}, {""race_id"": ""24-06-2025-R4-C1-vincennes-sapientia"", ""title"": ""Mardi 24 juin à 16h26 - C1 Prix Sapientia"", ""meta"": ""Monté - 46000 € - 2700m - 10 partants - Pour 5 ans, n'ayant pas gagné 70.000."", ""track"": ""R4  VINCENNES"", ""place"": """", ""number"": ""4"", ""horse_name"": ""KATCHINA FOR CLARA"", ""jockey"": ""Lamy A."", ""age_sex"": ""F/5"", ""equipment"": """", ""weight"": """", ""times"": """", ""odds_morning"": ""6.8"", ""odds_live"": ""9.6"", ""trainer"": ""Grimault A.P.\nPlusieurs paramètres sont réunis pour envisager la victoire"", ""distance"": ""2700m"", ""musique"": ""1m Dm Dm Dm (24) 3m Dm Dm 6m 1m 2m Dm Dm"", ""additional_info"": ""4 KATCHINA FOR CLARA Lamy A. F/5 63Kg Grimault A.P. Plusieurs paramètres sont réunis pour envisager la victoire 2700m 1m Dm Dm Dm (24) 3m Dm Dm 6m 1m 2m Dm Dm 6.89.6""}, {""race_id"": ""24-06-2025-R4-C1-vincennes-sapientia"", ""title"": ""Mardi 24 juin à 16h26 - C1 Prix Sapientia"", ""meta"": ""Monté - 46000 € - 2700m - 10 partants - Pour 5 ans, n'ayant pas gagné 70.000."", ""track"": ""R4  VINCENNES"", ""place"": """", ""number"": ""5"", ""horse_name"": ""KONG D'HOLLOW"", ""jockey"": ""Soismier Mlle M."", ""age_sex"": ""H/5"", ""equipment"": """", ""weight"": """", ""times"": """", ""odds_morning"": ""10.5"", ""odds_live"": ""16.5"", ""trainer"": ""Laurent A.\nPlusieurs paramètres sont réunis pour envisager la victoire"", ""distance"": ""2700m"", ""musique"": ""2a 3a 3a 1a 1a (24) Da 1a 1a Da 2a 1a (23) 1a"", ""additional_info"": ""5 KONG D'HOLLOW Soismier Mlle M. H/5 57Kg Laurent A. Plusieurs paramètres sont réunis pour envisager la victoire 2700m 2a 3a 3a 1a 1a (24) Da 1a 1a Da 2a 1a (23) 1a 10.516.5""}, {""race_id"": ""24-06-2025-R4-C1-vincennes-sapientia"", ""title"": ""Mardi 24 juin à 16h26 - C1 Prix Sapientia"", ""meta"": ""Monté - 46000 € - 2700m - 10 partants - Pour 5 ans, n'ayant pas gagné 70.000."", ""track"": ""R4  VINCENNES"", ""place"": """", ""number"": ""6"", ""horse_name"": ""KHEOPS TURGOT"", ""jockey"": ""Abrivard A."", ""age_sex"": ""H/5"", ""equipment"": ""HIND"", ""weight"": """", ""times"": """", ""odds_morning"": ""4"", ""odds_live"": ""4.2"", ""trainer"": ""Haret Y.\nTous les paramètres sont réunis pour envisager la victoire"", ""distance"": ""2700m"", ""musique"": ""3a 2a 1a 8a 8a 1a 4a 1a 3a (24) 3a 2a Da"", ""additional_info"": ""6 KHEOPS TURGOT Abrivard A. H/5 65Kg Haret Y. Tous les paramètres sont réunis pour envisager la victoire 2700m 3a 2a 1a 8a 8a 1a 4a 1a 3a (24) 3a 2a Da 44.2""}, {""race_id"": ""24-06-2025-R4-C1-vincennes-sapientia"", ""title"": ""Mardi 24 juin à 16h26 - C1 Prix Sapientia"", ""meta"": ""Monté - 46000 € - 2700m - 10 partants - Pour 5 ans, n'ayant pas gagné 70.000."", ""track"": ""R4  VINCENNES"", ""place"": """", ""number"": ""7"", ""horse_name"": ""KARLSON PASS"", ""jockey"": ""Ricart J. Y."", ""age_sex"": ""H/5"", ""equipment"": ""BOTH"", ""weight"": """", ""times"": """", ""odds_morning"": ""6"", ""odds_live"": ""9.9"", ""trainer"": ""Carpentier B.\nPlusieurs paramètres sont réunis pour envisager la victoire"", ""distance"": ""2700m"", ""musique"": ""0a 1m Dm 0a Da 5m 0m (24) Dm 1m 8m 0a 0a"", ""additional_info"": ""7 KARLSON PASS Ricart J. Y. H/5 65Kg Carpentier B. Plusieurs paramètres sont réunis pour envisager la victoire 2700m 0a 1m Dm 0a Da 5m 0m (24) Dm 1m 8m 0a 0a 69.9""}, {""race_id"": ""24-06-2025-R4-C1-vincennes-sapientia"", ""title"": ""Mardi 24 juin à 16h26 - C1 Prix Sapientia"", ""meta"": ""Monté - 46000 € - 2700m - 10 partants - Pour 5 ans, n'ayant pas gagné 70.000."", ""track"": ""R4  VINCENNES"", ""place"": """", ""number"": ""8"", ""horse_name"": ""KILL AND KISS"", ""jockey"": ""Ploquin Pau. Ph."", ""age_sex"": ""M/5"", ""equipment"": """", ""weight"": """", ""times"": """", ""odds_morning"": ""7.9"", ""odds_live"": ""9"", ""trainer"": ""Ent. Souloy S.F.\nTous les paramètres sont réunis pour envisager la victoire"", ""distance"": ""2700m"", ""musique"": ""4m 6m Dm 1m 3m (24) 0a (23) 6m 2m Dm 1m 2m 3m"", ""additional_info"": ""8 KILL AND KISS Ploquin Pau. Ph. M/5 65Kg Ent. Souloy S.F. Tous les paramètres sont réunis pour envisager la victoire 2700m 4m 6m Dm 1m 3m (24) 0a (23) 6m 2m Dm 1m 2m 3m 7.99""}, {""race_id"": ""24-06-2025-R4-C1-vincennes-sapientia"", ""title"": ""Mardi 24 juin à 16h26 - C1 Prix Sapientia"", ""meta"": ""Monté - 46000 € - 2700m - 10 partants - Pour 5 ans, n'ayant pas gagné 70.000."", ""track"": ""R4  VINCENNES"", ""place"": """", ""number"": ""9"", ""horse_name"": ""KOUROUKA BLUE"", ""jockey"": ""Collette A."", ""age_sex"": ""F/5"", ""equipment"": ""BOTH"", ""weight"": """", ""times"": """", ""odds_morning"": ""8.5"", ""odds_live"": ""9.9"", ""trainer"": ""Thonnerieux K.\nPlusieurs paramètres sont réunis pour envisager la victoire"", ""distance"": ""2700m"", ""musique"": ""1m 2m Da 8a Da 3a 5a (24) 3a 2m Da 3m 3a"", ""additional_info"": ""9 KOUROUKA BLUE Collette A. F/5 63Kg Thonnerieux K. Plusieurs paramètres sont réunis pour envisager la victoire 2700m 1m 2m Da 8a Da 3a 5a (24) 3a 2m Da 3m 3a 8.59.9""}, {""race_id"": ""24-06-2025-R4-C1-vincennes-sapientia"", ""title"": ""Mardi 24 juin à 16h26 - C1 Prix Sapientia"", ""meta"": ""Monté - 46000 € - 2700m - 10 partants - Pour 5 ans, n'ayant pas gagné 70.000."", ""track"": ""R4  VINCENNES"", ""place"": """", ""number"": ""10"", ""horse_name"": ""KING DU RIL"", ""jockey"": ""Bertin Lil."", ""age_sex"": ""H/5"", ""equipment"": ""BOTH"", ""weight"": """", ""times"": """", ""odds_morning"": ""4.8"", ""odds_live"": ""3.5"", ""trainer"": ""Grimault A.P.\nTous les paramètres sont réunis pour envisager la victoire"", ""distance"": ""2700m"", ""musique"": ""2m Dm Dm 1m 1m (24) 1m 1m 1m Da 4a Da Da"", ""additional_info"": ""10 KING DU RIL Bertin Lil. H/5 65Kg Grimault A.P. Tous les paramètres sont réunis pour envisager la victoire 2700m 2m Dm Dm 1m 1m (24) 1m 1m 1m Da 4a Da Da 4.83.5""}], ""scraped_at"": ""2025-06-24T14:21:09.503Z""}"
2025-06-24T14:21:09.507545Z,24-06-2025-R4-C1-vincennes-sapientia,prediction_response,"{""recommendations"": [], ""summary"": {""boulot_bets"": 0, ""total_amount"": 0}}"
2025-06-24T14:21:09.507545Z,24-06-2025-R4-C1-vincennes-sapientia,betting_request,"{""race_url"": ""https://www.unibet.fr/turf/race/24-06-2025-R4-C1-vincennes-sapientia.html"", ""recommendations"": [], ""summary"": {""boulot_bets"": 0, ""total_amount"": 0, ""total_bet_amount"": 0, ""win_bets"": 0, ""place_bets"": 0, ""deuzio_bets"": 0, ""timestamp"": ""2025-06-24T14:21:09.507545Z""}}"
2025-06-24T14:39:09.373279Z,24-06-2025-R1-C5-chantilly-hampton,prediction_request,"{""race_info"": {""race_id"": ""24-06-2025-R1-C5-chantilly-hampton"", ""title"": ""Mardi 24 juin à 16h44 - C5 Prix Hampton"", ""meta"": ""Plat - 52000 € - 1000m - 12 partants - PLAT, 1000 mètres , Ligne DROITE 52.000- COURSE A CONDITIONS Pour chevaux entiers, hongres et juments de 3 ans et au-dessus , n'ayant pas cette année gagné un Groupe. Poids : 3 ans, 55 kg"", ""track"": ""R1  CHANTILLY"", ""url"": ""https://www.unibet.fr/turf/race/24-06-2025-R1-C5-chantilly-hampton.html""}, ""runners"": [{""race_id"": ""24-06-2025-R1-C5-chantilly-hampton"", ""title"": ""Mardi 24 juin à 16h44 - C5 Prix Hampton"", ""meta"": ""Plat - 52000 € - 1000m - 12 partants - PLAT, 1000 mètres , Ligne DROITE 52.000- COURSE A CONDITIONS Pour chevaux entiers, hongres et juments de 3 ans et au-dessus , n'ayant pas cette année gagné un Groupe. Poids : 3 ans, 55 kg"", ""track"": ""R1  CHANTILLY"", ""place"": """", ""number"": ""1"", ""horse_name"": ""VICIOUS HARRY"", ""jockey"": ""Guyon M."", ""age_sex"": ""M/5"", ""equipment"": """", ""weight"": """", ""times"": """", ""odds_morning"": ""6.4"", ""odds_live"": ""7.9"", ""trainer"": ""Delcher Sanchez M."", ""distance"": """", ""musique"": ""3p 4p 2p (24) 1p 12p 4p 7p 5p 5p 1p (23) 3p 1p    / Corde : 11"", ""additional_info"": ""1 VICIOUS HARRY Guyon M. 11 M/5 58Kg Delcher Sanchez M. 3p 4p 2p (24) 1p 12p 4p 7p 5p 5p 1p (23) 3p 1p 6.47.9""}, {""race_id"": ""24-06-2025-R1-C5-chantilly-hampton"", ""title"": ""Mardi 24 juin à 16h44 - C5 Prix Hampton"", ""meta"": ""Plat - 52000 € - 1000m - 12 partants - PLAT, 1000 mètres , Ligne DROITE 52.000- COURSE A CONDITIONS Pour chevaux entiers, hongres et juments de 3 ans et au-dessus , n'ayant pas cette année gagné un Groupe. Poids : 3 ans, 55 kg"", ""track"": ""R1  CHANTILLY"", ""place"": """", ""number"": ""2"", ""horse_name"": ""SPARTAN ARROW"", ""jockey"": ""Doyle Mme Hol."", ""age_sex"": ""H/5"", ""equipment"": """", ""weight"": """", ""times"": """", ""odds_morning"": ""7.4"", ""odds_live"": ""2.9"", ""trainer"": ""Watson Amb."", ""distance"": """", ""musique"": ""2p 10p 1p 4p 1p 9p (24) 3p (23) 1p 5p 15p 1p (22) 2p    / Corde : 6"", ""additional_info"": ""2 SPARTAN ARROW Doyle Mme Hol. 6 H/5 58Kg Watson Amb. 2p 10p 1p 4p 1p 9p (24) 3p (23) 1p 5p 15p 1p (22) 2p 7.42.9""}, {""race_id"": ""24-06-2025-R1-C5-chantilly-hampton"", ""title"": ""Mardi 24 juin à 16h44 - C5 Prix Hampton"", ""meta"": ""Plat - 52000 € - 1000m - 12 partants - PLAT, 1000 mètres , Ligne DROITE 52.000- COURSE A CONDITIONS Pour chevaux entiers, hongres et juments de 3 ans et au-dessus , n'ayant pas cette année gagné un Groupe. Poids : 3 ans, 55 kg"", ""track"": ""R1  CHANTILLY"", ""place"": """", ""number"": ""3"", ""horse_name"": ""MADRID"", ""jockey"": ""Janacek V."", ""age_sex"": ""H/5"", ""equipment"": """", ""weight"": """", ""times"": """", ""odds_morning"": ""17.2"", ""odds_live"": ""26.8"", ""trainer"": ""Arizkorreta Elosegui G."", ""distance"": """", ""musique"": ""5p 3p 4p (24) 3p 2p 7p 1p 1p 1p (23) 2p 1p 5p    / Corde : 5"", ""additional_info"": ""3 MADRID Janacek V. 5 H/5 58Kg Arizkorreta Elosegui G. 5p 3p 4p (24) 3p 2p 7p 1p 1p 1p (23) 2p 1p 5p 17.226.8""}, {""race_id"": ""24-06-2025-R1-C5-chantilly-hampton"", ""title"": ""Mardi 24 juin à 16h44 - C5 Prix Hampton"", ""meta"": ""Plat - 52000 € - 1000m - 12 partants - PLAT, 1000 mètres , Ligne DROITE 52.000- COURSE A CONDITIONS Pour chevaux entiers, hongres et juments de 3 ans et au-dessus , n'ayant pas cette année gagné un Groupe. Poids : 3 ans, 55 kg"", ""track"": ""R1  CHANTILLY"", ""place"": """", ""number"": ""4"", ""horse_name"": ""ISMAEL PAINT"", ""jockey"": ""Hardouin E."", ""age_sex"": ""H/7"", ""equipment"": """", ""weight"": """", ""times"": """", ""odds_morning"": ""43"", ""odds_live"": ""66.1"", ""trainer"": ""Plisson Ch."", ""distance"": """", ""musique"": ""16p 7p 8p (24) 15p 13p 4p 3p 5p 3p 2p 2p 9p    / Corde : 8"", ""additional_info"": ""4 ISMAEL PAINT Hardouin E. 8 H/7 58Kg Plisson Ch. 16p 7p 8p (24) 15p 13p 4p 3p 5p 3p 2p 2p 9p 4366.1""}, {""race_id"": ""24-06-2025-R1-C5-chantilly-hampton"", ""title"": ""Mardi 24 juin à 16h44 - C5 Prix Hampton"", ""meta"": ""Plat - 52000 € - 1000m - 12 partants - PLAT, 1000 mètres , Ligne DROITE 52.000- COURSE A CONDITIONS Pour chevaux entiers, hongres et juments de 3 ans et au-dessus , n'ayant pas cette année gagné un Groupe. Poids : 3 ans, 55 kg"", ""track"": ""R1  CHANTILLY"", ""place"": """", ""number"": ""5"", ""horse_name"": ""ROGUE ENFORCER"", ""jockey"": ""Demuro C."", ""age_sex"": ""M/4"", ""equipment"": """", ""weight"": """", ""times"": """", ""odds_morning"": ""16.4"", ""odds_live"": ""26"", ""trainer"": ""Vanska L."", ""distance"": """", ""musique"": ""1p 4p 5p (24) 10p 5p 5p 7p Ap 7p (23) 1p 1p 2p    / Corde : 10"", ""additional_info"": ""5 ROGUE ENFORCER Demuro C. 10 M/4 58Kg Vanska L. 1p 4p 5p (24) 10p 5p 5p 7p Ap 7p (23) 1p 1p 2p 16.426""}, {""race_id"": ""24-06-2025-R1-C5-chantilly-hampton"", ""title"": ""Mardi 24 juin à 16h44 - C5 Prix Hampton"", ""meta"": ""Plat - 52000 € - 1000m - 12 partants - PLAT, 1000 mètres , Ligne DROITE 52.000- COURSE A CONDITIONS Pour chevaux entiers, hongres et juments de 3 ans et au-dessus , n'ayant pas cette année gagné un Groupe. Poids : 3 ans, 55 kg"", ""track"": ""R1  CHANTILLY"", ""place"": """", ""number"": ""6"", ""horse_name"": ""CIAO PA'"", ""jockey"": ""Boutin Hug."", ""age_sex"": ""M/5"", ""equipment"": """", ""weight"": """", ""times"": """", ""odds_morning"": ""12.7"", ""odds_live"": ""19.3"", ""trainer"": ""Boutin C."", ""distance"": """", ""musique"": ""6p 2p 1p 6p 3p (24) 1p 1p 4p 4p 1p 2p 1p    / Corde : 9"", ""additional_info"": ""6 CIAO PA' Boutin Hug. 9 M/5 58Kg Boutin C. 6p 2p 1p 6p 3p (24) 1p 1p 4p 4p 1p 2p 1p 12.719.3""}, {""race_id"": ""24-06-2025-R1-C5-chantilly-hampton"", ""title"": ""Mardi 24 juin à 16h44 - C5 Prix Hampton"", ""meta"": ""Plat - 52000 € - 1000m - 12 partants - PLAT, 1000 mètres , Ligne DROITE 52.000- COURSE A CONDITIONS Pour chevaux entiers, hongres et juments de 3 ans et au-dessus , n'ayant pas cette année gagné un Groupe. Poids : 3 ans, 55 kg"", ""track"": ""R1  CHANTILLY"", ""place"": """", ""number"": ""7"", ""horse_name"": ""LESSLEPASSER"", ""jockey"": ""Lemaitre A."", ""age_sex"": ""H/6"", ""equipment"": """", ""weight"": """", ""times"": """", ""odds_morning"": ""7.8"", ""odds_live"": ""13.6"", ""trainer"": ""Lanslots Mme S."", ""distance"": """", ""musique"": ""2p 7p 2p (24) 1p 5p 9p 1p 10p 3p 8p 4p 6p    / Corde : 7"", ""additional_info"": ""7 LESSLEPASSER Lemaitre A. 7 H/6 58Kg Lanslots Mme S. 2p 7p 2p (24) 1p 5p 9p 1p 10p 3p 8p 4p 6p 7.813.6""}, {""race_id"": ""24-06-2025-R1-C5-chantilly-hampton"", ""title"": ""Mardi 24 juin à 16h44 - C5 Prix Hampton"", ""meta"": ""Plat - 52000 € - 1000m - 12 partants - PLAT, 1000 mètres , Ligne DROITE 52.000- COURSE A CONDITIONS Pour chevaux entiers, hongres et juments de 3 ans et au-dessus , n'ayant pas cette année gagné un Groupe. Poids : 3 ans, 55 kg"", ""track"": ""R1  CHANTILLY"", ""place"": """", ""number"": ""8"", ""horse_name"": ""HAVANA CIGAR GB"", ""jockey"": ""Soumillon C."", ""age_sex"": ""M/4"", ""equipment"": """", ""weight"": """", ""times"": """", ""odds_morning"": ""8.5"", ""odds_live"": ""8.8"", ""trainer"": ""Graffard Fh."", ""distance"": """", ""musique"": ""3p 5p (24) 5p 14p 2p 2p 2p (23) 6p 3p 3p 3p 1p    / Corde : 4"", ""additional_info"": ""8 HAVANA CIGAR GB Soumillon C. 4 M/4 58Kg Graffard Fh. 3p 5p (24) 5p 14p 2p 2p 2p (23) 6p 3p 3p 3p 1p 8.58.8""}, {""race_id"": ""24-06-2025-R1-C5-chantilly-hampton"", ""title"": ""Mardi 24 juin à 16h44 - C5 Prix Hampton"", ""meta"": ""Plat - 52000 € - 1000m - 12 partants - PLAT, 1000 mètres , Ligne DROITE 52.000- COURSE A CONDITIONS Pour chevaux entiers, hongres et juments de 3 ans et au-dessus , n'ayant pas cette année gagné un Groupe. Poids : 3 ans, 55 kg"", ""track"": ""R1  CHANTILLY"", ""place"": """", ""number"": ""9"", ""horse_name"": ""EGIATEGIA"", ""jockey"": ""Michel Mlle Mic."", ""age_sex"": ""F/4"", ""equipment"": """", ""weight"": """", ""times"": """", ""odds_morning"": ""28.5"", ""odds_live"": ""44.5"", ""trainer"": ""Guarnieri M."", ""distance"": """", ""musique"": ""7p 1p 6p (24) 5p 10p 6p 4p (23) 1p 2p 4p    / Corde : 12"", ""additional_info"": ""9 EGIATEGIA Michel Mlle Mic. 12 F/4 57Kg Guarnieri M. 7p 1p 6p (24) 5p 10p 6p 4p (23) 1p 2p 4p 28.544.5""}, {""race_id"": ""24-06-2025-R1-C5-chantilly-hampton"", ""title"": ""Mardi 24 juin à 16h44 - C5 Prix Hampton"", ""meta"": ""Plat - 52000 € - 1000m - 12 partants - PLAT, 1000 mètres , Ligne DROITE 52.000- COURSE A CONDITIONS Pour chevaux entiers, hongres et juments de 3 ans et au-dessus , n'ayant pas cette année gagné un Groupe. Poids : 3 ans, 55 kg"", ""track"": ""R1  CHANTILLY"", ""place"": """", ""number"": ""10"", ""horse_name"": ""LADY NAGIN"", ""jockey"": ""Zeeshaan Sahebjan Moh."", ""age_sex"": ""F/5"", ""equipment"": """", ""weight"": """", ""times"": """", ""odds_morning"": ""55"", ""odds_live"": ""106.2"", ""trainer"": ""West A."", ""distance"": """", ""musique"": ""9p 1p (24) 12p 8p 3p 7p 12p 6p 8p 1p 7p 6p    / Corde : 2"", ""additional_info"": ""10 LADY NAGIN Zeeshaan Sahebjan Moh. 2 F/5 57Kg West A. 9p 1p (24) 12p 8p 3p 7p 12p 6p 8p 1p 7p 6p 55106.2""}, {""race_id"": ""24-06-2025-R1-C5-chantilly-hampton"", ""title"": ""Mardi 24 juin à 16h44 - C5 Prix Hampton"", ""meta"": ""Plat - 52000 € - 1000m - 12 partants - PLAT, 1000 mètres , Ligne DROITE 52.000- COURSE A CONDITIONS Pour chevaux entiers, hongres et juments de 3 ans et au-dessus , n'ayant pas cette année gagné un Groupe. Poids : 3 ans, 55 kg"", ""track"": ""R1  CHANTILLY"", ""place"": """", ""number"": ""11"", ""horse_name"": ""REVANCHE"", ""jockey"": ""Santiago Mlle D."", ""age_sex"": ""F/4"", ""equipment"": """", ""weight"": """", ""times"": """", ""odds_morning"": ""30"", ""odds_live"": ""35.7"", ""trainer"": ""Plisson Ch."", ""distance"": """", ""musique"": ""1p 3p 13p (24) 8p 10p 12p 1p 9p 9p 1p 2p 1p    / Corde : 3"", ""additional_info"": ""11 REVANCHE Santiago Mlle D. 3 F/4 57Kg Plisson Ch. 1p 3p 13p (24) 8p 10p 12p 1p 9p 9p 1p 2p 1p 3035.7""}, {""race_id"": ""24-06-2025-R1-C5-chantilly-hampton"", ""title"": ""Mardi 24 juin à 16h44 - C5 Prix Hampton"", ""meta"": ""Plat - 52000 € - 1000m - 12 partants - PLAT, 1000 mètres , Ligne DROITE 52.000- COURSE A CONDITIONS Pour chevaux entiers, hongres et juments de 3 ans et au-dessus , n'ayant pas cette année gagné un Groupe. Poids : 3 ans, 55 kg"", ""track"": ""R1  CHANTILLY"", ""place"": """", ""number"": ""12"", ""horse_name"": ""APOLLO FOUNTAIN GB"", ""jockey"": ""Pouchin A."", ""age_sex"": ""F/3"", ""equipment"": """", ""weight"": """", ""times"": """", ""odds_morning"": ""2.7"", ""odds_live"": ""2.7"", ""trainer"": ""Fabre A."", ""distance"": """", ""musique"": ""2p 5p 6p (24) 4p 1p 2p    / Corde : 1"", ""additional_info"": ""12 APOLLO FOUNTAIN GB Pouchin A. 1 F/3 54Kg Fabre A. 2p 5p 6p (24) 4p 1p 2p 2.72.7""}], ""scraped_at"": ""2025-06-24T14:39:09.371Z""}"
2025-06-24T14:39:09.373279Z,24-06-2025-R1-C5-chantilly-hampton,prediction_response,"{""recommendations"": [], ""summary"": {""boulot_bets"": 0, ""total_amount"": 0}}"
2025-06-24T14:39:09.373279Z,24-06-2025-R1-C5-chantilly-hampton,betting_request,"{""race_url"": ""https://www.unibet.fr/turf/race/24-06-2025-R1-C5-chantilly-hampton.html"", ""recommendations"": [], ""summary"": {""boulot_bets"": 0, ""total_amount"": 0, ""total_bet_amount"": 0, ""win_bets"": 0, ""place_bets"": 0, ""deuzio_bets"": 0, ""timestamp"": ""2025-06-24T14:39:09.373279Z""}}"
2025-06-24T14:56:09.165941Z,24-06-2025-R4-C2-vincennes-echo,prediction_request,"{""race_info"": {""race_id"": ""24-06-2025-R4-C2-vincennes-echo"", ""title"": ""Mardi 24 juin à 16h59 - C2 Prix Echo"", ""meta"": ""Attelé - 46000 € - 2700m - 10 partants - Pour poulains entiers et hongres de 3 ans, n'ayant pas gagné 21.000."", ""track"": ""R4  VINCENNES"", ""url"": ""https://www.unibet.fr/turf/race/24-06-2025-R4-C2-vincennes-echo.html""}, ""runners"": [{""race_id"": ""24-06-2025-R4-C2-vincennes-echo"", ""title"": ""Mardi 24 juin à 16h59 - C2 Prix Echo"", ""meta"": ""Attelé - 46000 € - 2700m - 10 partants - Pour poulains entiers et hongres de 3 ans, n'ayant pas gagné 21.000."", ""track"": ""R4  VINCENNES"", ""place"": """", ""number"": ""1"", ""horse_name"": ""MAXIMILIANO DE LOU"", ""jockey"": ""Collette A."", ""age_sex"": ""M/3"", ""equipment"": """", ""weight"": """", ""times"": """", ""odds_morning"": ""31.8"", ""odds_live"": ""41.9"", ""trainer"": ""Lerebourg B.\nPlusieurs paramètres sont réunis pour envisager la victoire"", ""distance"": ""2700m"", ""musique"": ""2a Da 3a (24) 1a 7a"", ""additional_info"": ""1 MAXIMILIANO DE LOU Collette A. M/3 Lerebourg B. Plusieurs paramètres sont réunis pour envisager la victoire 2700m 2a Da 3a (24) 1a 7a 31.841.9""}, {""race_id"": ""24-06-2025-R4-C2-vincennes-echo"", ""title"": ""Mardi 24 juin à 16h59 - C2 Prix Echo"", ""meta"": ""Attelé - 46000 € - 2700m - 10 partants - Pour poulains entiers et hongres de 3 ans, n'ayant pas gagné 21.000."", ""track"": ""R4  VINCENNES"", ""place"": """", ""number"": ""2"", ""horse_name"": ""MAESTRO"", ""jockey"": ""Raffin E."", ""age_sex"": ""M/3"", ""equipment"": """", ""weight"": """", ""times"": """", ""odds_morning"": ""17.5"", ""odds_live"": ""12"", ""trainer"": ""Mary P.E.\nPlusieurs paramètres sont réunis pour envisager la victoire"", ""distance"": ""2700m"", ""musique"": ""3a 4a 5a 3a 4a (24) 7a 3a 6a 5a 5a 6a 7a"", ""additional_info"": ""2 MAESTRO Raffin E. M/3 Mary P.E. Plusieurs paramètres sont réunis pour envisager la victoire 2700m 3a 4a 5a 3a 4a (24) 7a 3a 6a 5a 5a 6a 7a 17.512""}, {""race_id"": ""24-06-2025-R4-C2-vincennes-echo"", ""title"": ""Mardi 24 juin à 16h59 - C2 Prix Echo"", ""meta"": ""Attelé - 46000 € - 2700m - 10 partants - Pour poulains entiers et hongres de 3 ans, n'ayant pas gagné 21.000."", ""track"": ""R4  VINCENNES"", ""place"": """", ""number"": ""3"", ""horse_name"": ""MAJOR MESLOIS"", ""jockey"": ""Belloche P."", ""age_sex"": ""M/3"", ""equipment"": """", ""weight"": """", ""times"": """", ""odds_morning"": ""11.2"", ""odds_live"": ""14.2"", ""trainer"": ""Belloche P.\nPlusieurs paramètres sont réunis pour envisager la victoire"", ""distance"": ""2700m"", ""musique"": ""2a Da 2a 3a Da Da 8a 3a"", ""additional_info"": ""3 MAJOR MESLOIS Belloche P. M/3 Belloche P. Plusieurs paramètres sont réunis pour envisager la victoire 2700m 2a Da 2a 3a Da Da 8a 3a 11.214.2""}, {""race_id"": ""24-06-2025-R4-C2-vincennes-echo"", ""title"": ""Mardi 24 juin à 16h59 - C2 Prix Echo"", ""meta"": ""Attelé - 46000 € - 2700m - 10 partants - Pour poulains entiers et hongres de 3 ans, n'ayant pas gagné 21.000."", ""track"": ""R4  VINCENNES"", ""place"": """", ""number"": ""4"", ""horse_name"": ""MAGIC TOUR"", ""jockey"": ""Duvaldestin C."", ""age_sex"": ""H/3"", ""equipment"": """", ""weight"": """", ""times"": """", ""odds_morning"": ""2.1"", ""odds_live"": ""1.4"", ""trainer"": ""Duvaldestin Th.\nTous les paramètres sont réunis pour envisager la victoire"", ""distance"": ""2700m"", ""musique"": ""1a 1a 3a"", ""additional_info"": ""4 MAGIC TOUR Duvaldestin C. H/3 Duvaldestin Th. Tous les paramètres sont réunis pour envisager la victoire 2700m 1a 1a 3a 2.11.4""}, {""race_id"": ""24-06-2025-R4-C2-vincennes-echo"", ""title"": ""Mardi 24 juin à 16h59 - C2 Prix Echo"", ""meta"": ""Attelé - 46000 € - 2700m - 10 partants - Pour poulains entiers et hongres de 3 ans, n'ayant pas gagné 21.000."", ""track"": ""R4  VINCENNES"", ""place"": """", ""number"": ""5"", ""horse_name"": ""MINK BOKO"", ""jockey"": ""Abrivard A."", ""age_sex"": ""M/3"", ""equipment"": """", ""weight"": """", ""times"": """", ""odds_morning"": ""2.8"", ""odds_live"": ""4.7"", ""trainer"": ""Hagoort P.\nPlusieurs paramètres sont réunis pour envisager la victoire"", ""distance"": ""2700m"", ""musique"": ""Da 2a (24) 5a 1a Da"", ""additional_info"": ""5 MINK BOKO Abrivard A. M/3 Hagoort P. Plusieurs paramètres sont réunis pour envisager la victoire 2700m Da 2a (24) 5a 1a Da 2.84.7""}, {""race_id"": ""24-06-2025-R4-C2-vincennes-echo"", ""title"": ""Mardi 24 juin à 16h59 - C2 Prix Echo"", ""meta"": ""Attelé - 46000 € - 2700m - 10 partants - Pour poulains entiers et hongres de 3 ans, n'ayant pas gagné 21.000."", ""track"": ""R4  VINCENNES"", ""place"": """", ""number"": ""6"", ""horse_name"": ""MENTOR DE PLAY"", ""jockey"": ""Blandin F."", ""age_sex"": ""M/3"", ""equipment"": """", ""weight"": """", ""times"": """", ""odds_morning"": ""52.2"", ""odds_live"": ""65.9"", ""trainer"": ""Blandin F.\nPlusieurs paramètres sont réunis pour envisager la victoire"", ""distance"": ""2700m"", ""musique"": ""2a 4a 5a 3a 2a (24) Dm 3a"", ""additional_info"": ""6 MENTOR DE PLAY Blandin F. M/3 Blandin F. Plusieurs paramètres sont réunis pour envisager la victoire 2700m 2a 4a 5a 3a 2a (24) Dm 3a 52.265.9""}, {""race_id"": ""24-06-2025-R4-C2-vincennes-echo"", ""title"": ""Mardi 24 juin à 16h59 - C2 Prix Echo"", ""meta"": ""Attelé - 46000 € - 2700m - 10 partants - Pour poulains entiers et hongres de 3 ans, n'ayant pas gagné 21.000."", ""track"": ""R4  VINCENNES"", ""place"": """", ""number"": ""7"", ""horse_name"": ""MELKIOR DE BAILLY"", ""jockey"": ""Ploquin Pau. Ph."", ""age_sex"": ""M/3"", ""equipment"": """", ""weight"": """", ""times"": """", ""odds_morning"": ""19.3"", ""odds_live"": ""27.5"", ""trainer"": ""Bourgoin B.\nTous les paramètres sont réunis pour envisager la victoire"", ""distance"": ""2700m"", ""musique"": ""Da 2a 6a Da 4a 5a 7a 4a 3a Da Da (24) 8a"", ""additional_info"": ""7 MELKIOR DE BAILLY Ploquin Pau. Ph. M/3 Bourgoin B. Tous les paramètres sont réunis pour envisager la victoire 2700m Da 2a 6a Da 4a 5a 7a 4a 3a Da Da (24) 8a 19.327.5""}, {""race_id"": ""24-06-2025-R4-C2-vincennes-echo"", ""title"": ""Mardi 24 juin à 16h59 - C2 Prix Echo"", ""meta"": ""Attelé - 46000 € - 2700m - 10 partants - Pour poulains entiers et hongres de 3 ans, n'ayant pas gagné 21.000."", ""track"": ""R4  VINCENNES"", ""place"": """", ""number"": ""8"", ""horse_name"": ""MAXOU DES IFS"", ""jockey"": ""Ouvrie F."", ""age_sex"": ""H/3"", ""equipment"": """", ""weight"": """", ""times"": """", ""odds_morning"": ""17.3"", ""odds_live"": ""23"", ""trainer"": ""Prat A.\nPlusieurs paramètres sont réunis pour envisager la victoire"", ""distance"": ""2700m"", ""musique"": ""5a 3a 2a Da 8a (24) Da Da 2a Da 4a 5a 3a"", ""additional_info"": ""8 MAXOU DES IFS Ouvrie F. H/3 Prat A. Plusieurs paramètres sont réunis pour envisager la victoire 2700m 5a 3a 2a Da 8a (24) Da Da 2a Da 4a 5a 3a 17.323""}, {""race_id"": ""24-06-2025-R4-C2-vincennes-echo"", ""title"": ""Mardi 24 juin à 16h59 - C2 Prix Echo"", ""meta"": ""Attelé - 46000 € - 2700m - 10 partants - Pour poulains entiers et hongres de 3 ans, n'ayant pas gagné 21.000."", ""track"": ""R4  VINCENNES"", ""place"": """", ""number"": ""9"", ""horse_name"": ""MIX D'ERONVILLE"", ""jockey"": ""Lagadeuc F."", ""age_sex"": ""M/3"", ""equipment"": """", ""weight"": """", ""times"": """", ""odds_morning"": ""49.6"", ""odds_live"": ""52.7"", ""trainer"": ""Rousselle S.\nPlusieurs paramètres sont réunis pour envisager la victoire"", ""distance"": ""2700m"", ""musique"": ""Da (24) 5a 6a 2a 3a Da 5a"", ""additional_info"": ""9 MIX D'ERONVILLE Lagadeuc F. M/3 Rousselle S. Plusieurs paramètres sont réunis pour envisager la victoire 2700m Da (24) 5a 6a 2a 3a Da 5a 49.652.7""}, {""race_id"": ""24-06-2025-R4-C2-vincennes-echo"", ""title"": ""Mardi 24 juin à 16h59 - C2 Prix Echo"", ""meta"": ""Attelé - 46000 € - 2700m - 10 partants - Pour poulains entiers et hongres de 3 ans, n'ayant pas gagné 21.000."", ""track"": ""R4  VINCENNES"", ""place"": """", ""number"": ""10"", ""horse_name"": ""MAFIATIME DUCAMPUS"", ""jockey"": ""Rochard B."", ""age_sex"": ""M/3"", ""equipment"": """", ""weight"": """", ""times"": """", ""odds_morning"": ""15.8"", ""odds_live"": ""15.9"", ""trainer"": ""Locqueneux D.\nPlusieurs paramètres sont réunis pour envisager la victoire"", ""distance"": ""2700m"", ""musique"": ""6a 5a 3a 1a 5a (24) Da 2a"", ""additional_info"": ""10 MAFIATIME DUCAMPUS Rochard B. M/3 Locqueneux D. Plusieurs paramètres sont réunis pour envisager la victoire 2700m 6a 5a 3a 1a 5a (24) Da 2a 15.815.9""}], ""scraped_at"": ""2025-06-24T14:56:09.156Z""}"
2025-06-24T14:56:09.165941Z,24-06-2025-R4-C2-vincennes-echo,prediction_response,"{""recommendations"": [], ""summary"": {""boulot_bets"": 0, ""total_amount"": 0}}"
2025-06-24T14:56:09.165941Z,24-06-2025-R4-C2-vincennes-echo,betting_request,"{""race_url"": ""https://www.unibet.fr/turf/race/24-06-2025-R4-C2-vincennes-echo.html"", ""recommendations"": [], ""summary"": {""boulot_bets"": 0, ""total_amount"": 0, ""total_bet_amount"": 0, ""win_bets"": 0, ""place_bets"": 0, ""deuzio_bets"": 0, ""timestamp"": ""2025-06-24T14:56:09.165941Z""}}"
2025-06-24T15:15:11.003593Z,24-06-2025-R1-C6-chantilly-clos-de-la-barre,prediction_request,"{""race_info"": {""race_id"": ""24-06-2025-R1-C6-chantilly-clos-de-la-barre"", ""title"": ""Mardi 24 juin à 17h16 - C6 Prix du Clos de la Barre"", ""meta"": ""Plat - 27000 € - 2400m - 6 partants - PLAT, 2400 mètres , Corde à DROITE 27.000- COURSE A CONDITIONS Pour chevaux entiers, hongres et juments de 4 ans et au-dessus n'ayant pas depuis le 24 septembre 2024 inclus été classés dans les 3 premiers d'un Groupe ou gagné une Listed, ni depuis le 24 mars 2025 inclus gagné une Classe 1. Poids : 56 kg . Les chevaux ayant depuis le 24 décembre 2024 inclus gagné une Classe 2 ou été classés 2e ou 3e d'une Listed porteront 1,5 kg"", ""track"": ""R1  CHANTILLY"", ""url"": ""https://www.unibet.fr/turf/race/24-06-2025-R1-C6-chantilly-clos-de-la-barre.html""}, ""runners"": [{""race_id"": ""24-06-2025-R1-C6-chantilly-clos-de-la-barre"", ""title"": ""Mardi 24 juin à 17h16 - C6 Prix du Clos de la Barre"", ""meta"": ""Plat - 27000 € - 2400m - 6 partants - PLAT, 2400 mètres , Corde à DROITE 27.000- COURSE A CONDITIONS Pour chevaux entiers, hongres et juments de 4 ans et au-dessus n'ayant pas depuis le 24 septembre 2024 inclus été classés dans les 3 premiers d'un Groupe ou gagné une Listed, ni depuis le 24 mars 2025 inclus gagné une Classe 1. Poids : 56 kg . Les chevaux ayant depuis le 24 décembre 2024 inclus gagné une Classe 2 ou été classés 2e ou 3e d'une Listed porteront 1,5 kg"", ""track"": ""R1  CHANTILLY"", ""place"": """", ""number"": ""1"", ""horse_name"": ""WAFEI"", ""jockey"": ""Barzalona M."", ""age_sex"": ""H/4"", ""equipment"": """", ""weight"": """", ""times"": """", ""odds_morning"": ""2.3"", ""odds_live"": ""2.3"", ""trainer"": ""De Mieulle A."", ""distance"": """", ""musique"": ""2p 5p 1p 1p (24) 10p 2p 1p 4p (23) 5p 2p    / Corde : 3"", ""additional_info"": ""1 WAFEI Barzalona M. 3 H/4 59Kg De Mieulle A. 2p 5p 1p 1p (24) 10p 2p 1p 4p (23) 5p 2p 2.32.3""}, {""race_id"": ""24-06-2025-R1-C6-chantilly-clos-de-la-barre"", ""title"": ""Mardi 24 juin à 17h16 - C6 Prix du Clos de la Barre"", ""meta"": ""Plat - 27000 € - 2400m - 6 partants - PLAT, 2400 mètres , Corde à DROITE 27.000- COURSE A CONDITIONS Pour chevaux entiers, hongres et juments de 4 ans et au-dessus n'ayant pas depuis le 24 septembre 2024 inclus été classés dans les 3 premiers d'un Groupe ou gagné une Listed, ni depuis le 24 mars 2025 inclus gagné une Classe 1. Poids : 56 kg . Les chevaux ayant depuis le 24 décembre 2024 inclus gagné une Classe 2 ou été classés 2e ou 3e d'une Listed porteront 1,5 kg"", ""track"": ""R1  CHANTILLY"", ""place"": """", ""number"": ""2"", ""horse_name"": ""KLIFF BERE"", ""jockey"": ""Moutard Jer."", ""age_sex"": ""H/5"", ""equipment"": """", ""weight"": """", ""times"": """", ""odds_morning"": ""3.9"", ""odds_live"": ""3.6"", ""trainer"": ""Audouin B."", ""distance"": """", ""musique"": ""6p 3p (24) 1p 3p 1p 14p 3p 1p 2p 1p 3p 5p    / Corde : 1"", ""additional_info"": ""2 KLIFF BERE Moutard Jer. 1 H/5 58Kg Audouin B. 6p 3p (24) 1p 3p 1p 14p 3p 1p 2p 1p 3p 5p 3.93.6""}, {""race_id"": ""24-06-2025-R1-C6-chantilly-clos-de-la-barre"", ""title"": ""Mardi 24 juin à 17h16 - C6 Prix du Clos de la Barre"", ""meta"": ""Plat - 27000 € - 2400m - 6 partants - PLAT, 2400 mètres , Corde à DROITE 27.000- COURSE A CONDITIONS Pour chevaux entiers, hongres et juments de 4 ans et au-dessus n'ayant pas depuis le 24 septembre 2024 inclus été classés dans les 3 premiers d'un Groupe ou gagné une Listed, ni depuis le 24 mars 2025 inclus gagné une Classe 1. Poids : 56 kg . Les chevaux ayant depuis le 24 décembre 2024 inclus gagné une Classe 2 ou été classés 2e ou 3e d'une Listed porteront 1,5 kg"", ""track"": ""R1  CHANTILLY"", ""place"": """", ""number"": ""3"", ""horse_name"": ""PLEASEMAN"", ""jockey"": ""Santiago Mlle D."", ""age_sex"": ""H/5"", ""equipment"": """", ""weight"": """", ""times"": """", ""odds_morning"": ""4"", ""odds_live"": ""4"", ""trainer"": ""Whitfield Mme C."", ""distance"": """", ""musique"": ""1p 5p 3p (24) 3p 1p 1p 5p 10p 4p 1p 3p 11p    / Corde : 6"", ""additional_info"": ""3 PLEASEMAN Santiago Mlle D. 6 H/5 56Kg Whitfield Mme C. 1p 5p 3p (24) 3p 1p 1p 5p 10p 4p 1p 3p 11p 44""}, {""race_id"": ""24-06-2025-R1-C6-chantilly-clos-de-la-barre"", ""title"": ""Mardi 24 juin à 17h16 - C6 Prix du Clos de la Barre"", ""meta"": ""Plat - 27000 € - 2400m - 6 partants - PLAT, 2400 mètres , Corde à DROITE 27.000- COURSE A CONDITIONS Pour chevaux entiers, hongres et juments de 4 ans et au-dessus n'ayant pas depuis le 24 septembre 2024 inclus été classés dans les 3 premiers d'un Groupe ou gagné une Listed, ni depuis le 24 mars 2025 inclus gagné une Classe 1. Poids : 56 kg . Les chevaux ayant depuis le 24 décembre 2024 inclus gagné une Classe 2 ou été classés 2e ou 3e d'une Listed porteront 1,5 kg"", ""track"": ""R1  CHANTILLY"", ""place"": """", ""number"": ""4"", ""horse_name"": ""SIR SILJAN"", ""jockey"": ""Piccone T."", ""age_sex"": ""M/4"", ""equipment"": """", ""weight"": """", ""times"": """", ""odds_morning"": ""8.9"", ""odds_live"": ""10.3"", ""trainer"": ""Pantall Ha."", ""distance"": """", ""musique"": ""13p 5p 1p 9p (24) 1p 1p 2p 4p 2p 3p (23) 3p 5p    / Corde : 5"", ""additional_info"": ""4 SIR SILJAN Piccone T. 5 M/4 58Kg Pantall Ha. 13p 5p 1p 9p (24) 1p 1p 2p 4p 2p 3p (23) 3p 5p 8.910.3""}, {""race_id"": ""24-06-2025-R1-C6-chantilly-clos-de-la-barre"", ""title"": ""Mardi 24 juin à 17h16 - C6 Prix du Clos de la Barre"", ""meta"": ""Plat - 27000 € - 2400m - 6 partants - PLAT, 2400 mètres , Corde à DROITE 27.000- COURSE A CONDITIONS Pour chevaux entiers, hongres et juments de 4 ans et au-dessus n'ayant pas depuis le 24 septembre 2024 inclus été classés dans les 3 premiers d'un Groupe ou gagné une Listed, ni depuis le 24 mars 2025 inclus gagné une Classe 1. Poids : 56 kg . Les chevaux ayant depuis le 24 décembre 2024 inclus gagné une Classe 2 ou été classés 2e ou 3e d'une Listed porteront 1,5 kg"", ""track"": ""R1  CHANTILLY"", ""place"": """", ""number"": ""5"", ""horse_name"": ""SAVANNENSTERN"", ""jockey"": ""Demuro C."", ""age_sex"": ""M/4"", ""equipment"": """", ""weight"": """", ""times"": """", ""odds_morning"": ""8.5"", ""odds_live"": ""8.5"", ""trainer"": ""Soudan Mme J."", ""distance"": """", ""musique"": ""(24) 4p 3p 1p    / Corde : 4"", ""additional_info"": ""5 SAVANNENSTERN Demuro C. 4 M/4 56Kg Soudan Mme J. (24) 4p 3p 1p 8.58.5""}, {""race_id"": ""24-06-2025-R1-C6-chantilly-clos-de-la-barre"", ""title"": ""Mardi 24 juin à 17h16 - C6 Prix du Clos de la Barre"", ""meta"": ""Plat - 27000 € - 2400m - 6 partants - PLAT, 2400 mètres , Corde à DROITE 27.000- COURSE A CONDITIONS Pour chevaux entiers, hongres et juments de 4 ans et au-dessus n'ayant pas depuis le 24 septembre 2024 inclus été classés dans les 3 premiers d'un Groupe ou gagné une Listed, ni depuis le 24 mars 2025 inclus gagné une Classe 1. Poids : 56 kg . Les chevaux ayant depuis le 24 décembre 2024 inclus gagné une Classe 2 ou été classés 2e ou 3e d'une Listed porteront 1,5 kg"", ""track"": ""R1  CHANTILLY"", ""place"": """", ""number"": ""6"", ""horse_name"": ""LE LAVANDOU"", ""jockey"": ""D' Andigne O."", ""age_sex"": ""M/4"", ""equipment"": """", ""weight"": """", ""times"": """", ""odds_morning"": ""15.8"", ""odds_live"": ""13.6"", ""trainer"": ""Couetil A."", ""distance"": """", ""musique"": ""3p 1p 6p (24) 2p 5p 2p 1p 3p    / Corde : 2"", ""additional_info"": ""6 LE LAVANDOU D' Andigne O. 2 M/4 56Kg Couetil A. 3p 1p 6p (24) 2p 5p 2p 1p 3p 15.813.6""}], ""scraped_at"": ""2025-06-24T15:15:10.998Z""}"
2025-06-24T15:15:11.003593Z,24-06-2025-R1-C6-chantilly-clos-de-la-barre,prediction_response,"{""recommendations"": [], ""summary"": {""boulot_bets"": 0, ""total_amount"": 0}}"
2025-06-24T15:15:11.003593Z,24-06-2025-R1-C6-chantilly-clos-de-la-barre,betting_request,"{""race_url"": ""https://www.unibet.fr/turf/race/24-06-2025-R1-C6-chantilly-clos-de-la-barre.html"", ""recommendations"": [], ""summary"": {""boulot_bets"": 0, ""total_amount"": 0, ""total_bet_amount"": 0, ""win_bets"": 0, ""place_bets"": 0, ""deuzio_bets"": 0, ""timestamp"": ""2025-06-24T15:15:11.003593Z""}}"
2025-06-24T15:31:09.075824Z,24-06-2025-R4-C3-vincennes-nunky,prediction_request,"{""race_info"": {""race_id"": ""24-06-2025-R4-C3-vincennes-nunky"", ""title"": ""Mardi 24 juin à 17h32 - C3 Prix Nunky"", ""meta"": ""Attelé - 41000 € - 2100m - 13 partants - Pour juments de 5 ans, n'ayant pas gagné 56.000."", ""track"": ""R4  VINCENNES"", ""url"": ""https://www.unibet.fr/turf/race/24-06-2025-R4-C3-vincennes-nunky.html""}, ""runners"": [{""race_id"": ""24-06-2025-R4-C3-vincennes-nunky"", ""title"": ""Mardi 24 juin à 17h32 - C3 Prix Nunky"", ""meta"": ""Attelé - 41000 € - 2100m - 13 partants - Pour juments de 5 ans, n'ayant pas gagné 56.000."", ""track"": ""R4  VINCENNES"", ""place"": """", ""number"": ""1"", ""horse_name"": ""KALY D'EOLE"", ""jockey"": ""Laudren L."", ""age_sex"": ""F/5"", ""equipment"": ""BOTH"", ""weight"": """", ""times"": """", ""odds_morning"": ""26.5"", ""odds_live"": ""43.6"", ""trainer"": ""Laudren L.\nPlusieurs paramètres sont réunis pour envisager la victoire"", ""distance"": ""2100m"", ""musique"": ""3m 0a Da 0a (24) Dm 5a 7m 3m 4m Da 4a 8a"", ""additional_info"": ""1 KALY D'EOLE Laudren L. F/5 Laudren L. Plusieurs paramètres sont réunis pour envisager la victoire 2100m 3m 0a Da 0a (24) Dm 5a 7m 3m 4m Da 4a 8a 26.543.6""}, {""race_id"": ""24-06-2025-R4-C3-vincennes-nunky"", ""title"": ""Mardi 24 juin à 17h32 - C3 Prix Nunky"", ""meta"": ""Attelé - 41000 € - 2100m - 13 partants - Pour juments de 5 ans, n'ayant pas gagné 56.000."", ""track"": ""R4  VINCENNES"", ""place"": """", ""number"": ""2"", ""horse_name"": ""KANELLE STAR"", ""jockey"": ""Lenoir M."", ""age_sex"": ""F/5"", ""equipment"": """", ""weight"": """", ""times"": """", ""odds_morning"": ""15.8"", ""odds_live"": ""16.4"", ""trainer"": ""Lenoir M.\nPlusieurs paramètres sont réunis pour envisager la victoire"", ""distance"": ""2100m"", ""musique"": ""4a 4a 5a 3a 2a Da (24) Da Da 0a 5a 7a (23) 4a"", ""additional_info"": ""2 KANELLE STAR Lenoir M. F/5 Lenoir M. Plusieurs paramètres sont réunis pour envisager la victoire 2100m 4a 4a 5a 3a 2a Da (24) Da Da 0a 5a 7a (23) 4a 15.816.4""}, {""race_id"": ""24-06-2025-R4-C3-vincennes-nunky"", ""title"": ""Mardi 24 juin à 17h32 - C3 Prix Nunky"", ""meta"": ""Attelé - 41000 € - 2100m - 13 partants - Pour juments de 5 ans, n'ayant pas gagné 56.000."", ""track"": ""R4  VINCENNES"", ""place"": """", ""number"": ""3"", ""horse_name"": ""KALISTA JIEL"", ""jockey"": ""Ouvrie F."", ""age_sex"": ""F/5"", ""equipment"": """", ""weight"": """", ""times"": """", ""odds_morning"": ""42.9"", ""odds_live"": ""26.9"", ""trainer"": ""Dersoir J.L.\nPlusieurs paramètres sont réunis pour envisager la victoire"", ""distance"": ""2100m"", ""musique"": ""7a 5m Da Da (24) 8a Dm Dm 1m 3m Da 0a 7a"", ""additional_info"": ""3 KALISTA JIEL Ouvrie F. F/5 Dersoir J.L. Plusieurs paramètres sont réunis pour envisager la victoire 2100m 7a 5m Da Da (24) 8a Dm Dm 1m 3m Da 0a 7a 42.926.9""}, {""race_id"": ""24-06-2025-R4-C3-vincennes-nunky"", ""title"": ""Mardi 24 juin à 17h32 - C3 Prix Nunky"", ""meta"": ""Attelé - 41000 € - 2100m - 13 partants - Pour juments de 5 ans, n'ayant pas gagné 56.000."", ""track"": ""R4  VINCENNES"", ""place"": """", ""number"": ""4"", ""horse_name"": ""KAHIRA DES MARES"", ""jockey"": ""Rochard B."", ""age_sex"": ""F/5"", ""equipment"": """", ""weight"": """", ""times"": """", ""odds_morning"": ""7.9"", ""odds_live"": ""7.2"", ""trainer"": ""Jouve G.\nPlusieurs paramètres sont réunis pour envisager la victoire"", ""distance"": ""2100m"", ""musique"": ""8a 2a Da (24) 5a 5a 2a 1a 1a Da Da 5a 7a"", ""additional_info"": ""4 KAHIRA DES MARES Rochard B. F/5 Jouve G. Plusieurs paramètres sont réunis pour envisager la victoire 2100m 8a 2a Da (24) 5a 5a 2a 1a 1a Da Da 5a 7a 7.97.2""}, {""race_id"": ""24-06-2025-R4-C3-vincennes-nunky"", ""title"": ""Mardi 24 juin à 17h32 - C3 Prix Nunky"", ""meta"": ""Attelé - 41000 € - 2100m - 13 partants - Pour juments de 5 ans, n'ayant pas gagné 56.000."", ""track"": ""R4  VINCENNES"", ""place"": """", ""number"": ""5"", ""horse_name"": ""KAROLINA DI SEMBLE"", ""jockey"": ""Ploquin Pau. Ph."", ""age_sex"": ""F/5"", ""equipment"": ""BOTH"", ""weight"": """", ""times"": """", ""odds_morning"": ""10.3"", ""odds_live"": ""12.2"", ""trainer"": ""Donati Mme A.F.\nPlusieurs paramètres sont réunis pour envisager la victoire"", ""distance"": ""2100m"", ""musique"": ""5a 4a 8a 5a Da 6a (24) 1a Da 0a 2a 0a 7a"", ""additional_info"": ""5 KAROLINA DI SEMBLE Ploquin Pau. Ph. F/5 Donati Mme A.F. Plusieurs paramètres sont réunis pour envisager la victoire 2100m 5a 4a 8a 5a Da 6a (24) 1a Da 0a 2a 0a 7a 10.312.2""}, {""race_id"": ""24-06-2025-R4-C3-vincennes-nunky"", ""title"": ""Mardi 24 juin à 17h32 - C3 Prix Nunky"", ""meta"": ""Attelé - 41000 € - 2100m - 13 partants - Pour juments de 5 ans, n'ayant pas gagné 56.000."", ""track"": ""R4  VINCENNES"", ""place"": """", ""number"": ""6"", ""horse_name"": ""KOMMUNES DE PLAY"", ""jockey"": ""Blandin F."", ""age_sex"": ""F/5"", ""equipment"": ""BOTH"", ""weight"": """", ""times"": """", ""odds_morning"": ""65"", ""odds_live"": ""66.3"", ""trainer"": ""Blandin F.\nPlusieurs paramètres sont réunis pour envisager la victoire"", ""distance"": ""2100m"", ""musique"": ""6a 0a 0a 0a 0a (24) 0a Da Da 0a 7a Da 2a"", ""additional_info"": ""6 KOMMUNES DE PLAY Blandin F. F/5 Blandin F. Plusieurs paramètres sont réunis pour envisager la victoire 2100m 6a 0a 0a 0a 0a (24) 0a Da Da 0a 7a Da 2a 6566.3""}, {""race_id"": ""24-06-2025-R4-C3-vincennes-nunky"", ""title"": ""Mardi 24 juin à 17h32 - C3 Prix Nunky"", ""meta"": ""Attelé - 41000 € - 2100m - 13 partants - Pour juments de 5 ans, n'ayant pas gagné 56.000."", ""track"": ""R4  VINCENNES"", ""place"": """", ""number"": ""7"", ""horse_name"": ""KYA D'ERABLE"", ""jockey"": ""Bonne D."", ""age_sex"": ""F/5"", ""equipment"": ""BOTH"", ""weight"": """", ""times"": """", ""odds_morning"": ""13"", ""odds_live"": ""15.8"", ""trainer"": ""Thomain C.\nPlusieurs paramètres sont réunis pour envisager la victoire"", ""distance"": ""2100m"", ""musique"": ""Da 3m 5a 3a 7a 3a (24) 4a 4a 7a Da 3a 1a"", ""additional_info"": ""7 KYA D'ERABLE Bonne D. F/5 Thomain C. Plusieurs paramètres sont réunis pour envisager la victoire 2100m Da 3m 5a 3a 7a 3a (24) 4a 4a 7a Da 3a 1a 1315.8""}, {""race_id"": ""24-06-2025-R4-C3-vincennes-nunky"", ""title"": ""Mardi 24 juin à 17h32 - C3 Prix Nunky"", ""meta"": ""Attelé - 41000 € - 2100m - 13 partants - Pour juments de 5 ans, n'ayant pas gagné 56.000."", ""track"": ""R4  VINCENNES"", ""place"": """", ""number"": ""8"", ""horse_name"": ""KELOWNA LEGEND"", ""jockey"": ""Raffin E."", ""age_sex"": ""F/5"", ""equipment"": ""BOTH"", ""weight"": """", ""times"": """", ""odds_morning"": ""4.7"", ""odds_live"": ""3.4"", ""trainer"": ""Levesque T.\nTous les paramètres sont réunis pour envisager la victoire"", ""distance"": ""2100m"", ""musique"": ""7a 7a 4a 2a (24) 4a 4a Da 2a 1a Da 1a 1a"", ""additional_info"": ""8 KELOWNA LEGEND Raffin E. F/5 Levesque T. Tous les paramètres sont réunis pour envisager la victoire 2100m 7a 7a 4a 2a (24) 4a 4a Da 2a 1a Da 1a 1a 4.73.4""}, {""race_id"": ""24-06-2025-R4-C3-vincennes-nunky"", ""title"": ""Mardi 24 juin à 17h32 - C3 Prix Nunky"", ""meta"": ""Attelé - 41000 € - 2100m - 13 partants - Pour juments de 5 ans, n'ayant pas gagné 56.000."", ""track"": ""R4  VINCENNES"", ""place"": """", ""number"": ""9"", ""horse_name"": ""KORIGANE D'ERABLE"", ""jockey"": ""Thomain D."", ""age_sex"": ""F/5"", ""equipment"": ""BOTH"", ""weight"": """", ""times"": """", ""odds_morning"": ""8.5"", ""odds_live"": ""9.3"", ""trainer"": ""Thomain C.\nPlusieurs paramètres sont réunis pour envisager la victoire"", ""distance"": ""2100m"", ""musique"": ""6a 0a 3a Da 1a 8a (24) 3a Da 1a 3a 2a 3a"", ""additional_info"": ""9 KORIGANE D'ERABLE Thomain D. F/5 Thomain C. Plusieurs paramètres sont réunis pour envisager la victoire 2100m 6a 0a 3a Da 1a 8a (24) 3a Da 1a 3a 2a 3a 8.59.3""}, {""race_id"": ""24-06-2025-R4-C3-vincennes-nunky"", ""title"": ""Mardi 24 juin à 17h32 - C3 Prix Nunky"", ""meta"": ""Attelé - 41000 € - 2100m - 13 partants - Pour juments de 5 ans, n'ayant pas gagné 56.000."", ""track"": ""R4  VINCENNES"", ""place"": """", ""number"": ""10"", ""horse_name"": ""KARLA MELODY"", ""jockey"": ""Ernault S."", ""age_sex"": ""F/5"", ""equipment"": """", ""weight"": """", ""times"": """", ""odds_morning"": ""10.1"", ""odds_live"": ""9.1"", ""trainer"": ""Ernault S.\nPlusieurs paramètres sont réunis pour envisager la victoire"", ""distance"": ""2100m"", ""musique"": ""6a 1a 1a 5a 3a (24) 3a Da Da 1a 1a (23) 1a Da"", ""additional_info"": ""10 KARLA MELODY Ernault S. F/5 Ernault S. Plusieurs paramètres sont réunis pour envisager la victoire 2100m 6a 1a 1a 5a 3a (24) 3a Da Da 1a 1a (23) 1a Da 10.19.1""}, {""race_id"": ""24-06-2025-R4-C3-vincennes-nunky"", ""title"": ""Mardi 24 juin à 17h32 - C3 Prix Nunky"", ""meta"": ""Attelé - 41000 € - 2100m - 13 partants - Pour juments de 5 ans, n'ayant pas gagné 56.000."", ""track"": ""R4  VINCENNES"", ""place"": """", ""number"": ""11"", ""horse_name"": ""KIARA BLUE"", ""jockey"": ""Lelievre Mlle C."", ""age_sex"": ""F/5"", ""equipment"": ""BOTH"", ""weight"": """", ""times"": """", ""odds_morning"": ""3.5"", ""odds_live"": ""4.8"", ""trainer"": ""Lelievre P.\nPlusieurs paramètres sont réunis pour envisager la victoire"", ""distance"": ""2100m"", ""musique"": ""4a 2a 7a (24) 0a 1a 2a 1a 9a 2a 5a 3a Da"", ""additional_info"": ""11 KIARA BLUE Lelievre Mlle C. F/5 Lelievre P. Plusieurs paramètres sont réunis pour envisager la victoire 2100m 4a 2a 7a (24) 0a 1a 2a 1a 9a 2a 5a 3a Da 3.54.8""}, {""race_id"": ""24-06-2025-R4-C3-vincennes-nunky"", ""title"": ""Mardi 24 juin à 17h32 - C3 Prix Nunky"", ""meta"": ""Attelé - 41000 € - 2100m - 13 partants - Pour juments de 5 ans, n'ayant pas gagné 56.000."", ""track"": ""R4  VINCENNES"", ""place"": """", ""number"": ""12"", ""horse_name"": ""KORA DE BLARY"", ""jockey"": ""Collette A."", ""age_sex"": ""F/5"", ""equipment"": ""BOTH"", ""weight"": """", ""times"": """", ""odds_morning"": ""55.4"", ""odds_live"": ""50.8"", ""trainer"": ""Bridault N.\nPlusieurs paramètres sont réunis pour envisager la victoire"", ""distance"": ""2100m"", ""musique"": ""8a 3a 5a 1a 4a Da 6a (24) Da 5a 0a 9a Da"", ""additional_info"": ""12 KORA DE BLARY Collette A. F/5 Bridault N. Plusieurs paramètres sont réunis pour envisager la victoire 2100m 8a 3a 5a 1a 4a Da 6a (24) Da 5a 0a 9a Da 55.450.8""}, {""race_id"": ""24-06-2025-R4-C3-vincennes-nunky"", ""title"": ""Mardi 24 juin à 17h32 - C3 Prix Nunky"", ""meta"": ""Attelé - 41000 € - 2100m - 13 partants - Pour juments de 5 ans, n'ayant pas gagné 56.000."", ""track"": ""R4  VINCENNES"", ""place"": """", ""number"": ""13"", ""horse_name"": ""KELOMA DREAM"", ""jockey"": ""David L. M."", ""age_sex"": ""F/5"", ""equipment"": """", ""weight"": """", ""times"": """", ""odds_morning"": ""26.6"", ""odds_live"": ""21.2"", ""trainer"": ""David L.M.\nPlusieurs paramètres sont réunis pour envisager la victoire"", ""distance"": ""2100m"", ""musique"": ""Da 4a 2a Da 3a 8a 0a Da (24) 6a 5a 1a 3a"", ""additional_info"": ""13 KELOMA DREAM David L. M. F/5 David L.M. Plusieurs paramètres sont réunis pour envisager la victoire 2100m Da 4a 2a Da 3a 8a 0a Da (24) 6a 5a 1a 3a 26.621.2""}], ""scraped_at"": ""2025-06-24T15:31:09.069Z""}"
2025-06-24T15:31:09.075824Z,24-06-2025-R4-C3-vincennes-nunky,prediction_response,"{""recommendations"": [], ""summary"": {""boulot_bets"": 0, ""total_amount"": 0}}"
2025-06-24T15:31:09.075824Z,24-06-2025-R4-C3-vincennes-nunky,betting_request,"{""race_url"": ""https://www.unibet.fr/turf/race/24-06-2025-R4-C3-vincennes-nunky.html"", ""recommendations"": [], ""summary"": {""boulot_bets"": 0, ""total_amount"": 0, ""total_bet_amount"": 0, ""win_bets"": 0, ""place_bets"": 0, ""deuzio_bets"": 0, ""timestamp"": ""2025-06-24T15:31:09.075824Z""}}"
2025-06-24T15:59:08.996977Z,24-06-2025-R1-C7-chantilly-la-foret-de-chantilly,prediction_request,"{""race_info"": {""race_id"": ""24-06-2025-R1-C7-chantilly-la-foret-de-chantilly"", ""title"": ""Mardi 24 juin à 18h00 - C7 Prix de la Forêt de Chantilly"", ""meta"": ""Plat - 53000 € - 1200m - 16 partants - PLAT, 1200 mètres , Ligne DROITE 53.000- HANDICAP DIVISE Pour chevaux entiers, hongres et juments de 4 ans et au-dessus . Un souvenir sera offert au propriétaire du cheval gagnant par FRANCE GALOP."", ""track"": ""R1  CHANTILLY"", ""url"": ""https://www.unibet.fr/turf/race/24-06-2025-R1-C7-chantilly-la-foret-de-chantilly.html""}, ""runners"": [{""race_id"": ""24-06-2025-R1-C7-chantilly-la-foret-de-chantilly"", ""title"": ""Mardi 24 juin à 18h00 - C7 Prix de la Forêt de Chantilly"", ""meta"": ""Plat - 53000 € - 1200m - 16 partants - PLAT, 1200 mètres , Ligne DROITE 53.000- HANDICAP DIVISE Pour chevaux entiers, hongres et juments de 4 ans et au-dessus . Un souvenir sera offert au propriétaire du cheval gagnant par FRANCE GALOP."", ""track"": ""R1  CHANTILLY"", ""place"": """", ""number"": ""1"", ""horse_name"": ""OMICRONE"", ""jockey"": ""Bachelot T."", ""age_sex"": ""F/5"", ""equipment"": """", ""weight"": """", ""times"": """", ""odds_morning"": ""8.5"", ""odds_live"": ""8.9"", ""trainer"": ""Groualle P."", ""distance"": """", ""musique"": ""2p 7p 9p 7p (24) 7p 3p 4p 8p 1p 19p 2p 11p    / Corde : 13"", ""additional_info"": ""1 OMICRONE Bachelot T. 13 F/5 62Kg Groualle P. 2p 7p 9p 7p (24) 7p 3p 4p 8p 1p 19p 2p 11p 8.58.9""}, {""race_id"": ""24-06-2025-R1-C7-chantilly-la-foret-de-chantilly"", ""title"": ""Mardi 24 juin à 18h00 - C7 Prix de la Forêt de Chantilly"", ""meta"": ""Plat - 53000 € - 1200m - 16 partants - PLAT, 1200 mètres , Ligne DROITE 53.000- HANDICAP DIVISE Pour chevaux entiers, hongres et juments de 4 ans et au-dessus . Un souvenir sera offert au propriétaire du cheval gagnant par FRANCE GALOP."", ""track"": ""R1  CHANTILLY"", ""place"": """", ""number"": ""2"", ""horse_name"": ""NATIONAL SERVICE"", ""jockey"": ""Demuro C."", ""age_sex"": ""H/8"", ""equipment"": """", ""weight"": """", ""times"": """", ""odds_morning"": ""4.4"", ""odds_live"": ""4"", ""trainer"": ""Reynier J."", ""distance"": """", ""musique"": ""5p 2p 3p 14p 4p 4p 5p 10p (24) 2p 5p 2p 1p    / Corde : 3"", ""additional_info"": ""2 NATIONAL SERVICE Demuro C. 3 H/8 61Kg Reynier J. 5p 2p 3p 14p 4p 4p 5p 10p (24) 2p 5p 2p 1p 4.44""}, {""race_id"": ""24-06-2025-R1-C7-chantilly-la-foret-de-chantilly"", ""title"": ""Mardi 24 juin à 18h00 - C7 Prix de la Forêt de Chantilly"", ""meta"": ""Plat - 53000 € - 1200m - 16 partants - PLAT, 1200 mètres , Ligne DROITE 53.000- HANDICAP DIVISE Pour chevaux entiers, hongres et juments de 4 ans et au-dessus . Un souvenir sera offert au propriétaire du cheval gagnant par FRANCE GALOP."", ""track"": ""R1  CHANTILLY"", ""place"": """", ""number"": ""3"", ""horse_name"": ""OZAN"", ""jockey"": ""Lemaitre A."", ""age_sex"": ""H/7"", ""equipment"": """", ""weight"": """", ""times"": """", ""odds_morning"": ""18.3"", ""odds_live"": ""22.6"", ""trainer"": ""Doleuze G."", ""distance"": """", ""musique"": ""12p 13p 5p 4p (24) 6p 1p 12p 12p 8p (23) 3p 1p 8p    / Corde : 16"", ""additional_info"": ""3 OZAN Lemaitre A. 16 H/7 61Kg Doleuze G. 12p 13p 5p 4p (24) 6p 1p 12p 12p 8p (23) 3p 1p 8p 18.322.6""}, {""race_id"": ""24-06-2025-R1-C7-chantilly-la-foret-de-chantilly"", ""title"": ""Mardi 24 juin à 18h00 - C7 Prix de la Forêt de Chantilly"", ""meta"": ""Plat - 53000 € - 1200m - 16 partants - PLAT, 1200 mètres , Ligne DROITE 53.000- HANDICAP DIVISE Pour chevaux entiers, hongres et juments de 4 ans et au-dessus . Un souvenir sera offert au propriétaire du cheval gagnant par FRANCE GALOP."", ""track"": ""R1  CHANTILLY"", ""place"": """", ""number"": ""4"", ""horse_name"": ""WILD WEST"", ""jockey"": ""Soumillon C."", ""age_sex"": ""M/5"", ""equipment"": """", ""weight"": """", ""times"": """", ""odds_morning"": ""16.3"", ""odds_live"": ""18.6"", ""trainer"": ""Delcher Sanchez M."", ""distance"": """", ""musique"": ""15p 4p 1p 3p (24) 2p 14p 15p 13p 13p 14p 1p 4p    / Corde : 6"", ""additional_info"": ""4 WILD WEST Soumillon C. 6 M/5 60Kg Delcher Sanchez M. 15p 4p 1p 3p (24) 2p 14p 15p 13p 13p 14p 1p 4p 16.318.6""}, {""race_id"": ""24-06-2025-R1-C7-chantilly-la-foret-de-chantilly"", ""title"": ""Mardi 24 juin à 18h00 - C7 Prix de la Forêt de Chantilly"", ""meta"": ""Plat - 53000 € - 1200m - 16 partants - PLAT, 1200 mètres , Ligne DROITE 53.000- HANDICAP DIVISE Pour chevaux entiers, hongres et juments de 4 ans et au-dessus . Un souvenir sera offert au propriétaire du cheval gagnant par FRANCE GALOP."", ""track"": ""R1  CHANTILLY"", ""place"": """", ""number"": ""5"", ""horse_name"": ""MAJOR OAK"", ""jockey"": ""Lecoeuvre C."", ""age_sex"": ""H/5"", ""equipment"": """", ""weight"": """", ""times"": """", ""odds_morning"": ""26.8"", ""odds_live"": ""33.3"", ""trainer"": ""Weissmeier M. F."", ""distance"": """", ""musique"": ""6p 16p 6p 6p (24) 4p 8p 12p 8p 1p 1p 1p 9p    / Corde : 9"", ""additional_info"": ""5 MAJOR OAK Lecoeuvre C. 9 H/5 59Kg Weissmeier M. F. 6p 16p 6p 6p (24) 4p 8p 12p 8p 1p 1p 1p 9p 26.833.3""}, {""race_id"": ""24-06-2025-R1-C7-chantilly-la-foret-de-chantilly"", ""title"": ""Mardi 24 juin à 18h00 - C7 Prix de la Forêt de Chantilly"", ""meta"": ""Plat - 53000 € - 1200m - 16 partants - PLAT, 1200 mètres , Ligne DROITE 53.000- HANDICAP DIVISE Pour chevaux entiers, hongres et juments de 4 ans et au-dessus . Un souvenir sera offert au propriétaire du cheval gagnant par FRANCE GALOP."", ""track"": ""R1  CHANTILLY"", ""place"": """", ""number"": ""6"", ""horse_name"": ""TUDO BEM"", ""jockey"": ""Pasquier S."", ""age_sex"": ""H/9"", ""equipment"": """", ""weight"": """", ""times"": """", ""odds_morning"": ""23.4"", ""odds_live"": ""29.9"", ""trainer"": ""Caullery N."", ""distance"": """", ""musique"": ""10p (24) 15p 14p 4p 2p 6p 5p 10p 6p 4p 4p 6p    / Corde : 15"", ""additional_info"": ""6 TUDO BEM Pasquier S. 15 H/9 59Kg Caullery N. 10p (24) 15p 14p 4p 2p 6p 5p 10p 6p 4p 4p 6p 23.429.9""}, {""race_id"": ""24-06-2025-R1-C7-chantilly-la-foret-de-chantilly"", ""title"": ""Mardi 24 juin à 18h00 - C7 Prix de la Forêt de Chantilly"", ""meta"": ""Plat - 53000 € - 1200m - 16 partants - PLAT, 1200 mètres , Ligne DROITE 53.000- HANDICAP DIVISE Pour chevaux entiers, hongres et juments de 4 ans et au-dessus . Un souvenir sera offert au propriétaire du cheval gagnant par FRANCE GALOP."", ""track"": ""R1  CHANTILLY"", ""place"": """", ""number"": ""7"", ""horse_name"": ""FORZA CAPITANO"", ""jockey"": ""Piccone T."", ""age_sex"": ""H/10"", ""equipment"": """", ""weight"": """", ""times"": """", ""odds_morning"": ""24.3"", ""odds_live"": ""25.8"", ""trainer"": ""Pantall Ha."", ""distance"": """", ""musique"": ""5p 11p 8p 13p (24) 4p 7p 11p 1p 9p 5p 5p 6p    / Corde : 8"", ""additional_info"": ""7 FORZA CAPITANO Piccone T. 8 H/10 58Kg Pantall Ha. 5p 11p 8p 13p (24) 4p 7p 11p 1p 9p 5p 5p 6p 24.325.8""}, {""race_id"": ""24-06-2025-R1-C7-chantilly-la-foret-de-chantilly"", ""title"": ""Mardi 24 juin à 18h00 - C7 Prix de la Forêt de Chantilly"", ""meta"": ""Plat - 53000 € - 1200m - 16 partants - PLAT, 1200 mètres , Ligne DROITE 53.000- HANDICAP DIVISE Pour chevaux entiers, hongres et juments de 4 ans et au-dessus . Un souvenir sera offert au propriétaire du cheval gagnant par FRANCE GALOP."", ""track"": ""R1  CHANTILLY"", ""place"": """", ""number"": ""8"", ""horse_name"": ""SCARFACE"", ""jockey"": ""Boutin Hug."", ""age_sex"": ""H/7"", ""equipment"": """", ""weight"": """", ""times"": """", ""odds_morning"": ""17"", ""odds_live"": ""15.5"", ""trainer"": ""Boutin C."", ""distance"": """", ""musique"": ""12p 3p 10p 5p 2p 7p 2p 9p (24) 13p 1p 1p 2p    / Corde : 2"", ""additional_info"": ""8 SCARFACE Boutin Hug. 2 H/7 57Kg Boutin C. 12p 3p 10p 5p 2p 7p 2p 9p (24) 13p 1p 1p 2p 1715.5""}, {""race_id"": ""24-06-2025-R1-C7-chantilly-la-foret-de-chantilly"", ""title"": ""Mardi 24 juin à 18h00 - C7 Prix de la Forêt de Chantilly"", ""meta"": ""Plat - 53000 € - 1200m - 16 partants - PLAT, 1200 mètres , Ligne DROITE 53.000- HANDICAP DIVISE Pour chevaux entiers, hongres et juments de 4 ans et au-dessus . Un souvenir sera offert au propriétaire du cheval gagnant par FRANCE GALOP."", ""track"": ""R1  CHANTILLY"", ""place"": """", ""number"": ""9"", ""horse_name"": ""HORTENSIA BASC"", ""jockey"": ""Crastus A."", ""age_sex"": ""F/5"", ""equipment"": """", ""weight"": """", ""times"": """", ""odds_morning"": ""13.8"", ""odds_live"": ""17.7"", ""trainer"": ""Junk A."", ""distance"": """", ""musique"": ""1p 10p 5p 1p 1p (24) 3p 5p 1p 2p 4p 4p 9p    / Corde : 7"", ""additional_info"": ""9 HORTENSIA BASC Crastus A. 7 F/5 57Kg Junk A. 1p 10p 5p 1p 1p (24) 3p 5p 1p 2p 4p 4p 9p 13.817.7""}, {""race_id"": ""24-06-2025-R1-C7-chantilly-la-foret-de-chantilly"", ""title"": ""Mardi 24 juin à 18h00 - C7 Prix de la Forêt de Chantilly"", ""meta"": ""Plat - 53000 € - 1200m - 16 partants - PLAT, 1200 mètres , Ligne DROITE 53.000- HANDICAP DIVISE Pour chevaux entiers, hongres et juments de 4 ans et au-dessus . Un souvenir sera offert au propriétaire du cheval gagnant par FRANCE GALOP."", ""track"": ""R1  CHANTILLY"", ""place"": """", ""number"": ""10"", ""horse_name"": ""FOU FURIEUX"", ""jockey"": ""Madamet A."", ""age_sex"": ""M/4"", ""equipment"": """", ""weight"": """", ""times"": """", ""odds_morning"": ""44.8"", ""odds_live"": ""15.3"", ""trainer"": ""Caullery N."", ""distance"": """", ""musique"": ""8p 6p 11p 18p 13p 8p 6p 1p 13p (24) 1p 17p 5p    / Corde : 14"", ""additional_info"": ""10 FOU FURIEUX Madamet A. 14 M/4 57Kg Caullery N. 8p 6p 11p 18p 13p 8p 6p 1p 13p (24) 1p 17p 5p 44.815.3""}, {""race_id"": ""24-06-2025-R1-C7-chantilly-la-foret-de-chantilly"", ""title"": ""Mardi 24 juin à 18h00 - C7 Prix de la Forêt de Chantilly"", ""meta"": ""Plat - 53000 € - 1200m - 16 partants - PLAT, 1200 mètres , Ligne DROITE 53.000- HANDICAP DIVISE Pour chevaux entiers, hongres et juments de 4 ans et au-dessus . Un souvenir sera offert au propriétaire du cheval gagnant par FRANCE GALOP."", ""track"": ""R1  CHANTILLY"", ""place"": """", ""number"": ""11"", ""horse_name"": ""ZAHARO"", ""jockey"": ""Guyon M."", ""age_sex"": ""H/4"", ""equipment"": """", ""weight"": """", ""times"": """", ""odds_morning"": ""19.5"", ""odds_live"": ""22.1"", ""trainer"": ""Delcher Sanchez M."", ""distance"": """", ""musique"": ""6p 5p 11p (24) 1p 3p    / Corde : 12"", ""additional_info"": ""11 ZAHARO Guyon M. 12 H/4 57Kg Delcher Sanchez M. 6p 5p 11p (24) 1p 3p 19.522.1""}, {""race_id"": ""24-06-2025-R1-C7-chantilly-la-foret-de-chantilly"", ""title"": ""Mardi 24 juin à 18h00 - C7 Prix de la Forêt de Chantilly"", ""meta"": ""Plat - 53000 € - 1200m - 16 partants - PLAT, 1200 mètres , Ligne DROITE 53.000- HANDICAP DIVISE Pour chevaux entiers, hongres et juments de 4 ans et au-dessus . Un souvenir sera offert au propriétaire du cheval gagnant par FRANCE GALOP."", ""track"": ""R1  CHANTILLY"", ""place"": """", ""number"": ""12"", ""horse_name"": ""ROYALWOOD"", ""jockey"": ""Boisseau L."", ""age_sex"": ""F/5"", ""equipment"": """", ""weight"": """", ""times"": """", ""odds_morning"": ""13"", ""odds_live"": ""13.4"", ""trainer"": ""Barande Barbe Mme C."", ""distance"": """", ""musique"": ""2p 7p 6p 5p 8p 5p 1p 2p 4p (24) 12p 3p 4p    / Corde : 5"", ""additional_info"": ""12 ROYALWOOD Boisseau L. 5 F/5 57Kg Barande Barbe Mme C. 2p 7p 6p 5p 8p 5p 1p 2p 4p (24) 12p 3p 4p 1313.4""}, {""race_id"": ""24-06-2025-R1-C7-chantilly-la-foret-de-chantilly"", ""title"": ""Mardi 24 juin à 18h00 - C7 Prix de la Forêt de Chantilly"", ""meta"": ""Plat - 53000 € - 1200m - 16 partants - PLAT, 1200 mètres , Ligne DROITE 53.000- HANDICAP DIVISE Pour chevaux entiers, hongres et juments de 4 ans et au-dessus . Un souvenir sera offert au propriétaire du cheval gagnant par FRANCE GALOP."", ""track"": ""R1  CHANTILLY"", ""place"": """", ""number"": ""13"", ""horse_name"": ""BLU METAL JACKET"", ""jockey"": ""Provost D."", ""age_sex"": ""M/6"", ""equipment"": """", ""weight"": """", ""times"": """", ""odds_morning"": ""13.6"", ""odds_live"": ""13.6"", ""trainer"": ""Pecoraro S."", ""distance"": """", ""musique"": ""2p 2p 2p 2p 2p 1p (24) 4p 2p 2p 3p 2p 1p    / Corde : 10"", ""additional_info"": ""13 BLU METAL JACKET Provost D. 10 M/6 56Kg Pecoraro S. 2p 2p 2p 2p 2p 1p (24) 4p 2p 2p 3p 2p 1p 13.613.6""}, {""race_id"": ""24-06-2025-R1-C7-chantilly-la-foret-de-chantilly"", ""title"": ""Mardi 24 juin à 18h00 - C7 Prix de la Forêt de Chantilly"", ""meta"": ""Plat - 53000 € - 1200m - 16 partants - PLAT, 1200 mètres , Ligne DROITE 53.000- HANDICAP DIVISE Pour chevaux entiers, hongres et juments de 4 ans et au-dessus . Un souvenir sera offert au propriétaire du cheval gagnant par FRANCE GALOP."", ""track"": ""R1  CHANTILLY"", ""place"": """", ""number"": ""14"", ""horse_name"": ""DAIQUIBERRY"", ""jockey"": ""Barzalona M."", ""age_sex"": ""F/4"", ""equipment"": """", ""weight"": """", ""times"": """", ""odds_morning"": ""8.5"", ""odds_live"": ""11"", ""trainer"": ""Guarnieri M."", ""distance"": """", ""musique"": ""2p 6p 13p 10p (24) 2p 2p 9p 1p 2p 12p 3p 4p    / Corde : 1"", ""additional_info"": ""14 DAIQUIBERRY Barzalona M. 1 F/4 56Kg Guarnieri M. 2p 6p 13p 10p (24) 2p 2p 9p 1p 2p 12p 3p 4p 8.511""}, {""race_id"": ""24-06-2025-R1-C7-chantilly-la-foret-de-chantilly"", ""title"": ""Mardi 24 juin à 18h00 - C7 Prix de la Forêt de Chantilly"", ""meta"": ""Plat - 53000 € - 1200m - 16 partants - PLAT, 1200 mètres , Ligne DROITE 53.000- HANDICAP DIVISE Pour chevaux entiers, hongres et juments de 4 ans et au-dessus . Un souvenir sera offert au propriétaire du cheval gagnant par FRANCE GALOP."", ""track"": ""R1  CHANTILLY"", ""place"": """", ""number"": ""15"", ""horse_name"": ""IMPITOYABLE"", ""jockey"": ""Velon Mlle M."", ""age_sex"": ""H/6"", ""equipment"": """", ""weight"": """", ""times"": """", ""odds_morning"": ""25.5"", ""odds_live"": ""14"", ""trainer"": ""Lanslots Mme S."", ""distance"": """", ""musique"": ""1p 8p 4p 1p 9p 10p (24) 10p 14p 13p 6p 5p 5p    / Corde : 11"", ""additional_info"": ""15 IMPITOYABLE Velon Mlle M. 11 H/6 55Kg Lanslots Mme S. 1p 8p 4p 1p 9p 10p (24) 10p 14p 13p 6p 5p 5p 25.514""}, {""race_id"": ""24-06-2025-R1-C7-chantilly-la-foret-de-chantilly"", ""title"": ""Mardi 24 juin à 18h00 - C7 Prix de la Forêt de Chantilly"", ""meta"": ""Plat - 53000 € - 1200m - 16 partants - PLAT, 1200 mètres , Ligne DROITE 53.000- HANDICAP DIVISE Pour chevaux entiers, hongres et juments de 4 ans et au-dessus . Un souvenir sera offert au propriétaire du cheval gagnant par FRANCE GALOP."", ""track"": ""R1  CHANTILLY"", ""place"": """", ""number"": ""16"", ""horse_name"": ""BROTHERS OF LILY'S"", ""jockey"": ""Journiac H."", ""age_sex"": ""H/4"", ""equipment"": """", ""weight"": """", ""times"": """", ""odds_morning"": ""10.2"", ""odds_live"": ""10.2"", ""trainer"": ""Barberot Y."", ""distance"": """", ""musique"": ""5p 16p 3p 6p 5p 11p 9p (24) 7p 3p 6p 6p 2p    / Corde : 4"", ""additional_info"": ""16 BROTHERS OF LILY'S Journiac H. 4 H/4 55Kg Barberot Y. 5p 16p 3p 6p 5p 11p 9p (24) 7p 3p 6p 6p 2p 10.210.2""}], ""scraped_at"": ""2025-06-24T15:59:09.004Z""}"
